1588636351293, 12592, 1136, 7760, 304
1588636351317, 12617, 1296, 7904, -48
1588636351343, 12642, 1168, 7744, 272
1588636351367, 12667, 1088, 7936, 160
1588636351391, 12692, 1504, 7776, 32
1588636351417, 12716, 1872, 7680, 272
1588636351442, 12741, 2016, 7488, 576
1588636351468, 12766, 1712, 7424, 768
1588636351492, 12791, 1392, 7824, 1056
1588636351517, 12817, 1376, 7984, 848
1588636351542, 12842, 1296, 8096, 496
1588636351568, 12867, 1216, 8064, 416
1588636351591, 12892, 1136, 7776, -64
1588636351617, 12917, 2016, 7392, 96
1588636351644, 12941, 1952, 7296, 176
1588636351666, 12966, 1968, 7392, 288
1588636351690, 12991, 1936, 7360, 64
1588636351717, 13015, 1536, 7520, -80
1588636351743, 13040, 1536, 7536, -128
1588636351768, 13066, 1584, 7152, -192
1588636351794, 13092, 1792, 6688, -208
1588636351820, 13118, 1856, 7056, -288
1588636351846, 13144, 2384, 7824, -512
1588636351870, 13170, 2368, 8208, -96
1588636351895, 13195, 2944, 7904, 64
1588636351919, 13219, 2464, 7792, 192
1588636351946, 13244, 1856, 7824, 128
1588636351972, 13269, 1776, 7696, -432
1588636351997, 13295, 1920, 7520, -640
1588636352024, 13321, 2512, 7440, -544
1588636352049, 13347, 2736, 7456, -448
1588636352074, 13373, 2448, 7360, 224
1588636352098, 13398, 2320, 7152, 368
1588636352124, 13423, 2528, 7056, 304
1588636352150, 13448, 2560, 7184, -96
1588636352176, 13473, 2624, 7152, -448
1588636352202, 13499, 3040, 7184, -784
1588636352228, 13525, 2656, 7456, -944
1588636352254, 13551, 1920, 8000, -768
1588636352280, 13577, 1808, 8368, -448
1588636352307, 13603, 1216, 7872, -288
1588636352333, 13629, 1664, 7328, -368
1588636352359, 13655, 1904, 7424, -624
1588636352387, 13681, 1664, 7520, -1296
1588636352412, 13708, 1168, 7392, -1376
1588636352438, 13735, 864, 7440, -1536
1588636352465, 13761, 976, 7712, -1264
1588636352491, 13787, 1184, 7904, -768
1588636352517, 13814, 1216, 7824, -496
1588636352540, 13840, 1232, 8144, -400
1588636352566, 13866, 1136, 8800, 96
1588636352591, 13890, 992, 7952, -208
1588636352616, 13915, 832, 7328, -368
1588636352643, 13940, 1056, 7456, -640
1588636352669, 13966, 1456, 7536, -528
1588636352694, 13992, 1440, 7360, -464
1588636352720, 14018, 1440, 7600, -320
1588636352746, 14044, 1024, 7856, -112
1588636352772, 14070, 1248, 7824, -128
1588636352797, 14096, 1392, 7696, 208
1588636352822, 14121, 1376, 7728, 176
1588636352846, 14146, 1264, 8000, 224
1588636352872, 14171, 992, 8528, -288
1588636352896, 14196, 880, 8368, -816
1588636352923, 14221, 944, 7472, -624
1588636352948, 14246, 1568, 6880, -400
1588636352973, 14272, 1888, 7008, 224
1588636352998, 14297, 1952, 7440, 672
1588636353022, 14322, 2048, 7792, 464
1588636353049, 14347, 2080, 8112, 64
1588636353075, 14371, 1904, 8080, -304
1588636353100, 14397, 1520, 7552, -560
1588636353125, 14423, 1536, 7392, -384
1588636353150, 14449, 1600, 7376, -32
1588636353176, 14474, 1888, 7776, 512
1588636353200, 14499, 2224, 7744, 752
1588636353224, 14524, 2048, 7408, 352
1588636353251, 14549, 1968, 7520, -96
1588636353277, 14574, 2032, 7552, -368
1588636353303, 14600, 2096, 7408, -368
1588636353328, 14626, 1904, 7296, -192
1588636353352, 14652, 1376, 7648, 32
1588636353378, 14676, 960, 7840, -256
1588636353402, 14701, 864, 7840, -272
1588636353428, 14726, 608, 7760, -384
1588636353454, 14751, 1024, 7584, -432
1588636353481, 14777, 1840, 7504, -464
1588636353506, 14803, 2352, 7520, -272
1588636353532, 14829, 2096, 7744, -128
1588636353558, 14855, 1552, 7952, -320
1588636353584, 14881, 1568, 8064, -272
1588636353610, 14907, 944, 7904, -384
1588636353632, 14932, 1440, 7456, -272
1588636353656, 14958, 1856, 7408, 0
1588636353682, 14981, 1824, 7536, 96
1588636353706, 15005, 1728, 7728, 176
1588636353734, 15030, 1264, 7872, 80
1588636353758, 15054, 1264, 7600, -144
1588636353783, 15080, 1424, 7616, -288
1588636353809, 15106, 1584, 7648, -256
1588636353835, 15132, 1680, 7744, -176
1588636353861, 15158, 1680, 7728, -192
1588636353887, 15184, 1552, 7696, -320
1588636353912, 15210, 1504, 7680, -160
1588636353937, 15236, 1648, 7600, -48
1588636353963, 15261, 1712, 7632, -96
1588636353990, 15286, 1728, 7632, -144
1588636354016, 15312, 1616, 7680, -192
1588636354041, 15339, 1536, 7712, -240
1588636354066, 15365, 1568, 7808, -16
1588636354092, 15390, 1568, 7664, -256
1588636354118, 15416, 1584, 7616, -208
1588636354144, 15442, 1600, 7680, -144
1588636354170, 15468, 1600, 7712, -16
1588636354194, 15493, 1568, 7664, -144
1588636354218, 15519, 1584, 7712, -80
1588636354245, 15544, 1584, 7760, 16
1588636354270, 15568, 1536, 7712, -288
1588636354295, 15594, 1536, 7632, -208
1588636354322, 15620, 1568, 7680, -32
1588636354347, 15645, 1520, 7680, -144
1588636354373, 15671, 1600, 7680, -80
1588636354398, 15696, 1584, 7696, -224
1588636354425, 15722, 1568, 7648, -176
1588636354450, 15748, 1616, 7680, -128
1588636354476, 15774, 1584, 7664, -80
1588636354501, 15799, 1648, 7648, -112
1588636354527, 15825, 1616, 7696, -96
1588636354553, 15850, 1584, 7664, -192
1588636354578, 15876, 1552, 7648, -112
1588636354603, 15902, 1488, 7680, -64
1588636354629, 15927, 1552, 7664, -64
1588636354655, 15952, 1504, 7648, -112
1588636354679, 15978, 1536, 7664, -96
1588636354704, 16003, 1504, 7680, -96
1588636354726, 16028, 1568, 7760, -32
1588636354753, 16053, 1536, 7648, 0
1588636354779, 16076, 1584, 7648, -128
1588636354806, 16102, 1504, 7680, -160
1588636354831, 16128, 1536, 7664, -160
1588636354856, 16154, 1520, 7664, -112
1588636354879, 16180, 1536, 7712, -16
1588636354904, 16205, 1520, 7696, 0
1588636354931, 16228, 1568, 7648, -80
1588636354956, 16253, 1584, 7680, -128
1588636354981, 16279, 1536, 7664, -144
1588636355007, 16305, 1520, 7680, -64
1588636355031, 16330, 1536, 7664, -64
1588636355057, 16355, 1616, 7648, -96
1588636355082, 16380, 1616, 7632, -208
1588636355108, 16406, 1600, 7680, -96
1588636355135, 16431, 1648, 7744, -208
1588636355160, 16457, 1632, 7776, -224
1588636355187, 16483, 1568, 7680, -128
1588636355212, 16509, 1760, 7664, -128
1588636355236, 16535, 1920, 7616, -64
1588636355261, 16560, 1984, 7584, -48
1588636355285, 16585, 1952, 7520, 32
1588636355311, 16609, 2016, 7568, 144
1588636355334, 16634, 2096, 7536, 160
1588636355358, 16659, 2096, 7584, 96
1588636355384, 16683, 1904, 7696, 48
1588636355407, 16707, 1680, 7568, -80
1588636355432, 16732, 1680, 7536, 16
1588636355458, 16756, 1792, 7520, 240
1588636355482, 16781, 2016, 7440, 288
1588636355508, 16806, 1968, 7472, 288
1588636355531, 16831, 2000, 7616, 288
1588636355555, 16856, 2096, 7600, 80
1588636355580, 16880, 1696, 7664, 32
1588636355606, 16904, 1696, 7616, -32
1588636355631, 16929, 848, 6848, -720
1588636355654, 16954, 800, 6256, -832
1588636355678, 16979, 80, 6224, -544
1588636355704, 17003, 336, 7936, 528
1588636355729, 17027, 752, 11088, 2432
1588636355756, 17053, 800, 9440, 1712
1588636355782, 17078, 2320, 8528, 2464
1588636355807, 17104, 3056, 8000, 2480
1588636355834, 17130, 2560, 6688, 1952
1588636355857, 17156, 2368, 5760, 1296
1588636355882, 17182, 96, 6000, 1056
1588636355907, 17206, -144, 6144, 752
1588636355931, 17231, -208, 6224, 592
1588636355957, 17256, -32, 6912, 944
1588636355980, 17280, -192, 7184, 976
1588636356005, 17305, 16, 7168, 1776
1588636356031, 17329, 944, 8096, 2208
1588636356058, 17354, 1808, 8464, 2416
1588636356083, 17380, 1872, 8272, 2304
1588636356110, 17406, 1920, 8240, 2384
1588636356136, 17432, 1328, 7936, 2576
1588636356164, 17458, -576, 9552, 2784
1588636356187, 17484, -1088, 12224, 1600
1588636356208, 17512, -32, 9824, 400
1588636356234, 17536, 0, 9344, 64
1588636356261, 17557, 352, 8528, -896
1588636356287, 17582, -320, 7392, -1520
1588636356315, 17609, -864, 7280, -2160
1588636356341, 17636, -272, 7648, -3168
1588636356367, 17664, 768, 7136, -3904
1588636356393, 17690, 848, 6736, -3952
1588636356421, 17716, 2368, 6816, -3488
1588636356447, 17743, 3152, 7216, -2544
1588636356473, 17770, 3456, 7312, -1632
1588636356497, 17797, 3104, 6720, -624
1588636356522, 17823, 1760, 6288, 80
1588636356547, 17847, 640, 6496, 624
1588636356572, 17871, -80, 6656, 1136
1588636356598, 17896, 272, 6384, 1456
1588636356624, 17921, 1856, 6016, 1648
1588636356650, 17947, 3168, 5888, 1696
1588636356675, 17973, 3280, 5872, 1680
1588636356703, 17999, 3312, 6160, 1488
1588636356727, 18025, 2496, 6944, 1328
1588636356752, 18051, 2256, 7840, 752
1588636356776, 18076, 2256, 8384, 368
1588636356802, 18101, 2224, 8320, 304
1588636356826, 18126, 3456, 8368, 480
1588636356852, 18151, 4864, 9536, 464
1588636356879, 18176, 5056, 11920, 720
1588636356904, 18202, 2656, 11408, 640
1588636356929, 18228, 1104, 8416, -32
1588636356957, 18253, 992, 7200, -960
1588636356984, 18278, -496, 6304, -1792
1588636357011, 18305, -1040, 6144, -2688
1588636357038, 18333, -832, 7280, -3520
1588636357064, 18360, -256, 7872, -3936
1588636357091, 18387, 272, 7072, -3088
1588636357116, 18414, 992, 6240, -1792
1588636357141, 18440, 1072, 6528, 160
1588636357167, 18465, 1968, 7360, 1584
1588636357191, 18491, 1232, 4592, 416
1588636357216, 18516, 1008, 4592, 800
1588636357241, 18541, 928, 5056, 816
1588636357267, 18565, 880, 6016, 1024
1588636357291, 18590, 1120, 7472, 1360
1588636357317, 18616, 1632, 8816, 976
1588636357345, 18641, 1696, 8960, -608
1588636357370, 18667, 2064, 13552, 2096
1588636357395, 18694, 2160, 8800, 960
1588636357423, 18719, 2592, 7840, 1648
1588636357448, 18745, 2016, 11504, 1952
1588636357475, 18772, 1808, 9680, -272
1588636357499, 18798, 784, 7008, -1776
1588636357525, 18824, 32, 8192, -4160
1588636357552, 18849, 384, 9376, -5616
1588636357580, 18875, 1232, 7936, -4416
1588636357607, 18902, 1360, 6160, -3328
1588636357635, 18929, 1552, 5776, -2608
1588636357662, 18956, 1232, 6640, -2384
1588636357689, 18983, 1360, 7056, -1984
1588636357713, 19010, 1648, 6624, -1024
1588636357739, 19037, 1696, 5952, 128
1588636357765, 19062, 1312, 5712, 656
1588636357790, 19087, 1680, 5776, 1440
1588636357817, 19114, 2048, 5584, 2000
1588636357843, 19140, 2176, 5664, 2384
1588636357868, 19166, 2432, 6064, 2304
1588636357895, 19192, 2448, 6736, 2048
1588636357921, 19218, 2320, 7312, 1824
1588636357946, 19244, 2304, 8064, 1232
1588636357972, 19270, 3232, 8304, 960
1588636357998, 19295, 4512, 8768, 1136
1588636358023, 19321, 5184, 9184, 1680
1588636358050, 19347, 5232, 9984, 1120
1588636358074, 19373, 2288, 11472, 992
1588636358100, 19399, 1520, 9024, 304
1588636358128, 19424, 1040, 7232, -560
1588636358156, 19450, 1024, 6912, -1824
1588636358184, 19477, -1040, 7312, -3200
1588636358212, 19505, -1312, 8784, -4624
1588636358239, 19533, -1328, 8592, -3744
1588636358264, 19561, 800, 6704, -1952
1588636358290, 19587, 2144, 6384, -176
1588636358317, 19614, 3072, 7120, 1952
1588636358343, 19640, 2352, 4192, 1072
1588636358367, 19666, 2224, 3792, 1504
1588636358391, 19692, 592, 4512, 1216
1588636358417, 19717, 16, 5376, 1408
1588636358442, 19741, 208, 5808, 1376
1588636358467, 19766, 704, 6736, 1568
1588636358494, 19791, 1168, 8384, 1424
1588636358521, 19817, 1440, 8848, -320
1588636358547, 19843, 2464, 12192, 1824
1588636358574, 19870, 2592, 10064, 1408
1588636358601, 19897, 2704, 7776, 1840
1588636358626, 19923, 3120, 11632, 1248
1588636358655, 19950, -128, 9728, -928
1588636358681, 19976, -112, 7360, -2032
1588636358708, 20003, -288, 7552, -4688
1588636358734, 20030, 608, 7904, -4784
1588636358762, 20056, 1728, 7504, -4576
1588636358788, 20083, 2336, 7344, -4080
1588636358816, 20110, 2576, 7712, -3376
1588636358841, 20137, 2592, 7504, -1824
1588636358865, 20165, 2176, 6912, -608
1588636358890, 20191, 1216, 6416, 96
1588636358914, 20215, 416, 6032, 864
1588636358940, 20239, 368, 5904, 1552
1588636358966, 20264, 1248, 5040, 1872
1588636358993, 20290, 2480, 4048, 2048
1588636359019, 20316, 3328, 4464, 1776
1588636359044, 20342, 3520, 5520, 1376
1588636359071, 20368, 3056, 6864, 1488
1588636359095, 20394, 2096, 7904, 1408
1588636359121, 20420, 928, 8624, 960
1588636359146, 20444, 1696, 8848, 1312
1588636359172, 20470, 3696, 9152, 1296
1588636359200, 20496, 6128, 8752, 1296
1588636359225, 20522, 5216, 10576, 1232
1588636359252, 20549, 5040, 11616, 736
1588636359277, 20575, 3408, 8960, -480
1588636359304, 20601, 64, 7936, -1888
1588636359332, 20626, -912, 7696, -2960
1588636359359, 20653, -1360, 7296, -3536
1588636359387, 20681, -848, 7440, -3648
1588636359412, 20708, -144, 6752, -2960
1588636359438, 20735, 704, 6352, -2000
1588636359463, 20761, 1856, 6336, -960
1588636359489, 20787, 2320, 6576, 736
1588636359514, 20812, 2496, 5776, 1072
1588636359538, 20839, 1280, 3824, 784
1588636359563, 20864, 912, 4080, 912
1588636359588, 20887, 768, 5312, 1328
1588636359614, 20912, 992, 6688, 1472
1588636359639, 20937, 1072, 7808, 1424
1588636359666, 20964, 1520, 8544, 400
1588636359692, 20989, 1856, 9296, -528
1588636359717, 21015, 2128, 13936, 3104
1588636359745, 21042, 1456, 8224, 896
1588636359772, 21067, 1376, 11168, 1664
1588636359798, 21094, 1152, 11648, -368
1588636359823, 21121, 576, 9024, -2832
1588636359850, 21147, 192, 8400, -4960
1588636359876, 21173, 192, 8000, -5696
1588636359902, 21199, 944, 6096, -4000
1588636359928, 21225, 976, 5728, -3424
1588636359956, 21251, 976, 6656, -3088
1588636359983, 21277, 1632, 7632, -3104
1588636360010, 21304, 1792, 7584, -2528
1588636360036, 21331, 2352, 6800, -1472
1588636360059, 21358, 1840, 6144, -320
1588636360085, 21384, 544, 5936, 576
1588636360111, 21408, 1216, 5536, 1360
1588636360138, 21434, 2400, 4864, 1840
1588636360164, 21460, 3024, 4880, 2144
1588636360189, 21486, 2720, 5328, 2128
1588636360215, 21512, 2576, 6048, 2144
1588636360242, 21539, 2576, 7024, 1888
1588636360267, 21565, 2656, 7648, 1328
1588636360292, 21591, 1648, 8288, 592
1588636360318, 21616, 2336, 8880, 624
1588636360344, 21641, 3600, 9472, 1152
1588636360371, 21667, 5120, 9712, 1152
1588636360396, 21693, 4176, 11424, 1504
1588636360421, 21720, 2752, 10240, 976
1588636360448, 21746, 1280, 8352, -96
1588636360475, 21771, 176, 7120, -1088
1588636360501, 21797, -544, 6752, -2272
1588636360528, 21824, -992, 7312, -3392
1588636360555, 21851, -208, 7936, -3792
1588636360581, 21878, 480, 7744, -3072
1588636360607, 21904, 928, 6720, -1968
1588636360632, 21930, 1024, 5968, -688
1588636360658, 21956, 2528, 6000, 928
1588636360685, 21981, 2096, 5856, 1696
1588636360711, 22007, 1536, 4208, 1152
1588636360736, 22033, 1504, 4160, 1392
1588636360760, 22059, 864, 5088, 1552
1588636360785, 22084, 624, 6176, 1680
1588636360810, 22109, 832, 7760, 1600
1588636360836, 22134, 1328, 8880, 576
1588636360863, 22159, 1728, 9632, -592
1588636360890, 22185, 1680, 12304, 1024
1588636360917, 22212, 2000, 10112, 1440
1588636360944, 22240, 1952, 9264, 2800
1588636360969, 22266, 1792, 12304, 2080
1588636360996, 22293, 1376, 7872, -368
1588636361023, 22319, 448, 7008, -1488
1588636361048, 22345, -224, 7760, -4080
1588636361076, 22372, 176, 8112, -4496
1588636361103, 22398, 1168, 6688, -3888
1588636361130, 22425, 1792, 6816, -3744
1588636361158, 22452, 1680, 7376, -3696
1588636361184, 22479, 1792, 7584, -2848
1588636361209, 22506, 1696, 6928, -1760
1588636361233, 22533, 912, 6352, -960
1588636361257, 22558, 304, 6608, -16
1588636361282, 22582, 16, 6656, 1200
1588636361308, 22606, 720, 6192, 2032
1588636361334, 22631, 2128, 5088, 2464
1588636361361, 22657, 3104, 4416, 2656
1588636361386, 22683, 3056, 5504, 2400
1588636361412, 22709, 2976, 6304, 2336
1588636361439, 22735, 2624, 6864, 2144
1588636361464, 22761, 2528, 7632, 1696
1588636361491, 22787, 1952, 8288, 1440
1588636361517, 22814, 2896, 8736, 1296
1588636361543, 22840, 4416, 8544, 1648
1588636361570, 22866, 5296, 10384, 1376
1588636361596, 22893, 3168, 12336, 1152
1588636361620, 22920, 1168, 9408, 384
1588636361646, 22945, 528, 7792, -816
1588636361674, 22970, -32, 7168, -1760
1588636361701, 22996, -704, 6432, -2560
1588636361729, 23023, -1136, 6800, -3168
1588636361756, 23051, -160, 7648, -2944
1588636361782, 23078, 544, 7568, -2592
1588636361807, 23104, 1264, 7264, -1344
1588636361832, 23131, 2352, 7008, 384
1588636361858, 23156, 2704, 6784, 928
1588636361882, 23181, 1856, 4960, 432
1588636361907, 23206, 1760, 4784, 400
1588636361932, 23231, 1040, 5472, 592
1588636361955, 23256, 832, 5744, 336
1588636361980, 23280, 752, 6320, 448
1588636362004, 23304, 1072, 7136, 192
1588636362031, 23329, 1472, 8256, 576
1588636362059, 23354, 2016, 8832, -144
1588636362084, 23380, 2592, 11152, 1264
1588636362111, 23407, 2416, 9472, 1872
1588636362137, 23433, 1600, 8864, 2464
1588636362164, 23459, 1184, 10992, 1088
1588636362190, 23486, 1200, 8624, -1040
1588636362216, 23514, 816, 8096, -2224
1588636362243, 23540, 352, 8272, -4720
1588636362269, 23566, 768, 7808, -4512
1588636362295, 23592, 928, 5792, -3648
1588636362323, 23618, 1504, 5664, -3184
1588636362350, 23645, 1856, 6752, -3472
1588636362377, 23672, 1952, 7568, -3280
1588636362403, 23699, 1392, 7824, -2912
1588636362428, 23726, 912, 7376, -1744
1588636362454, 23752, 528, 7056, -448
1588636362478, 23777, 656, 7072, 1024
1588636362505, 23802, 576, 7024, 1920
1588636362531, 23827, 2512, 6096, 2272
1588636362557, 23853, 2896, 5120, 2016
1588636362582, 23879, 2976, 5760, 1936
1588636362609, 23905, 2320, 6592, 1920
1588636362634, 23931, 2240, 6528, 1648
1588636362660, 23957, 1968, 6880, 1616
1588636362685, 23983, 1760, 7168, 1120
1588636362710, 24009, 1520, 7808, 720
1588636362735, 24034, 2432, 8240, 304
1588636362760, 24059, 2528, 8512, 48
1588636362786, 24083, 4816, 10496, 304
1588636362811, 24109, 4816, 12352, 448
1588636362834, 24135, 2288, 8912, 480
1588636362859, 24160, 1280, 7392, 0
1588636362887, 24183, 480, 7200, -528
1588636362914, 24208, -336, 7072, -1280
1588636362942, 24235, -1184, 6736, -1824
1588636362970, 24264, -1248, 7568, -2640
1588636362998, 24292, -1104, 8432, -2912
1588636363023, 24320, -144, 8080, -2080
1588636363049, 24347, 864, 7008, -1008
1588636363075, 24373, 2048, 6736, 800
1588636363100, 24398, 2816, 6752, 1456
1588636363127, 24424, 2080, 4912, 1024
1588636363153, 24450, 1888, 5088, 1632
1588636363178, 24476, 1296, 5760, 1472
1588636363203, 24502, 880, 6064, 1552
1588636363228, 24527, 544, 6304, 1664
1588636363253, 24552, 416, 7072, 1968
1588636363277, 24577, 608, 7968, 1648
1588636363305, 24602, 1024, 8288, 720
1588636363331, 24627, 1968, 10464, 2448
1588636363356, 24654, 1968, 8480, 1568
1588636363381, 24680, 992, 12096, 720
1588636363406, 24705, 80, 12720, 320
1588636363433, 24729, 656, 8720, -1232
1588636363464, 24755, -176, 8528, -1936
1588636363486, 24782, -208, 8080, -2432
1588636363514, 24809, 320, 6960, -2784
1588636363540, 24835, 1616, 6464, -2992
1588636363568, 24862, 2272, 6064, -2944
1588636363595, 24890, 2784, 6464, -3072
1588636363620, 24917, 1984, 6976, -2112
1588636363643, 24944, 848, 7776, -528
1588636363667, 24969, 80, 8560, 640
1588636363693, 24992, 320, 8320, 1504
1588636363720, 25017, 1920, 6608, 1296
1588636363746, 25043, 2032, 5760, 1376
1588636363772, 25069, 3072, 5920, 1536
1588636363797, 25095, 2400, 6064, 1472
1588636363824, 25121, 1680, 5904, 1392
1588636363850, 25147, 1536, 5792, 1536
1588636363875, 25173, 1536, 6240, 2144
1588636363901, 25199, 2656, 6704, 2400
1588636363929, 25225, 2224, 7040, 1760
1588636363953, 25251, 1824, 8048, 1264
1588636363978, 25277, 2128, 8208, 864
1588636364004, 25302, 2208, 8144, 528
1588636364032, 25327, 2880, 10144, 832
1588636364058, 25353, 3664, 12128, 1360
1588636364082, 25380, 3648, 10016, 704
1588636364109, 25406, 2720, 8496, 128
1588636364136, 25431, -720, 6992, -288
1588636364164, 25457, -2112, 6304, -928
1588636364189, 25484, -1360, 6800, -1424
1588636364215, 25512, 768, 7968, -1856
1588636364239, 25538, 944, 8880, -1792
1588636364266, 25565, 2272, 8032, 48
1588636364290, 25588, 2304, 8112, 1936
1588636364315, 25615, 2208, 5136, 512
1588636364340, 25640, 1376, 5504, 880
1588636364363, 25665, 304, 6192, 608
1588636364388, 25688, 224, 6192, 272
1588636364412, 25712, 576, 6208, 288
1588636364436, 25736, 944, 6448, 688
1588636364461, 25760, 1088, 6928, 864
1588636364486, 25785, 1120, 8016, 928
1588636364509, 25810, 736, 8848, 560
1588636364533, 25834, 688, 9424, -32
1588636364558, 25858, 768, 8832, 768
1588636364585, 25882, 848, 8080, 1680
1588636364610, 25907, 2304, 6544, 1728
1588636364636, 25933, 2240, 9392, 1248
1588636364662, 25959, 1664, 11552, 304
1588636364689, 25985, 208, 8640, -1248
1588636364714, 26011, -48, 8624, -2336
1588636364742, 26037, 448, 8944, -2640
1588636364768, 26063, 1232, 7664, -2032
1588636364796, 26091, 2048, 5888, -2128
1588636364822, 26118, 2400, 6272, -2192
1588636364850, 26145, 2048, 6128, -2352
1588636364876, 26172, 1232, 7312, -2992
1588636364903, 26199, 848, 9040, -3568
1588636364929, 26225, 1136, 8848, -3104
1588636364957, 26252, 1408, 7584, -2192
1588636364985, 26279, 1760, 6672, -2160
1588636365011, 26306, 1984, 6912, -1296
1588636365038, 26333, 2000, 7184, -1008
1588636365063, 26360, 1744, 7344, -848
1588636365090, 26386, 1632, 7504, -592
1588636365115, 26412, 1744, 7776, -384
1588636365142, 26438, 1776, 7552, -272
1588636365168, 26465, 1920, 7056, -112
1588636365194, 26491, 2336, 7456, -336
1588636365219, 26517, 2224, 8016, -528
1588636365247, 26543, 2304, 8368, -944
1588636365273, 26569, 1728, 7808, -1008
1588636365301, 26596, 1600, 7376, -1008
1588636365326, 26623, 1968, 7280, -976
1588636365352, 26649, 1856, 7456, -768
1588636365379, 26675, 1648, 7696, -480
1588636365404, 26701, 1472, 8064, -368
1588636365430, 26727, 1408, 7552, -112
1588636365457, 26753, 1008, 7536, -112
1588636365482, 26779, 1232, 7456, -208
1588636365508, 26805, 1280, 7248, -400
1588636365534, 26831, 1600, 7200, -480
1588636365560, 26857, 1328, 7632, -736
1588636365586, 26883, 1232, 7840, -544
1588636365611, 26909, 1216, 7840, -304
1588636365636, 26935, 1264, 7808, -32
1588636365661, 26960, 1712, 7760, 304
1588636365686, 26985, 1776, 7840, 240
1588636365711, 27010, 1632, 7696, 464
1588636365735, 27035, 1376, 7696, 320
1588636365761, 27060, 1280, 7728, 64
1588636365788, 27084, 1360, 7872, -336
1588636365814, 27110, 1456, 7680, -576
1588636365840, 27136, 1408, 7584, -400
1588636365863, 27162, 1408, 7616, -288
1588636365888, 27188, 1504, 7680, 96
1588636365914, 27212, 1616, 7680, 272
1588636365939, 27237, 1696, 7632, 352
1588636365963, 27262, 1776, 7504, 272
1588636365988, 27287, 1760, 7648, 128
1588636366013, 27312, 1600, 7728, -96
1588636366038, 27337, 1488, 7696, -16
1588636366063, 27362, 1648, 7584, -16
1588636366088, 27387, 1664, 7568, 128
1588636366113, 27412, 1632, 7744, 256
1588636366139, 27437, 1600, 7648, 192
1588636366164, 27462, 1632, 7664, 160
1588636366187, 27487, 1584, 7744, 144
1588636366212, 27512, 1344, 7632, 96
1588636366237, 27536, 1392, 7616, 192
1588636366262, 27561, 1648, 7664, 240
1588636366288, 27586, 1648, 7648, 208
1588636366313, 27611, 1648, 7648, 240
1588636366337, 27636, 1568, 7712, 384
1588636366363, 27661, 1600, 7760, 304
1588636366388, 27686, 1520, 7728, 352
1588636366413, 27711, 1584, 7584, 432
1588636366438, 27736, 1760, 7632, 304
1588636366463, 27761, 1600, 7680, 400
1588636366487, 27786, 1552, 7632, 400
1588636366512, 27811, 1520, 7680, 304
1588636366537, 27836, 1632, 7744, 480
1588636366563, 27861, 1552, 7728, 384
1588636366587, 27886, 1552, 7664, 320
1588636366613, 27911, 1616, 7552, 368
1588636366637, 27936, 1632, 7568, 128
1588636366662, 27961, 1536, 7600, 384
1588636366688, 27986, 1664, 7552, 400
1588636366712, 28011, 1584, 7680, 400
1588636366737, 28036, 1552, 7664, 384
1588636366762, 28061, 1568, 7712, 432
1588636366788, 28086, 1552, 7616, 608
1588636366812, 28111, 1664, 7568, 368
1588636366838, 28136, 1616, 7648, 368
1588636366863, 28161, 1552, 7728, 384
1588636366887, 28186, 1568, 7552, 336
1588636366912, 28211, 1536, 7648, 512
1588636366937, 28236, 1616, 7600, 432
1588636366962, 28261, 1584, 7680, 352
1588636366987, 28286, 1536, 7664, 352
1588636367013, 28311, 1664, 7584, 416
1588636367037, 28336, 1600, 7664, 464
1588636367062, 28361, 1584, 7680, 464
1588636367088, 28386, 1616, 7664, 448
1588636367112, 28411, 1600, 7632, 352
1588636367138, 28436, 1552, 7680, 368
1588636367162, 28461, 1552, 7696, 432
1588636367188, 28486, 1488, 7632, 480
1588636367212, 28511, 1616, 7600, 496
1588636367237, 28536, 1616, 7664, 384
1588636367262, 28561, 1584, 7616, 304
1588636367288, 28586, 1616, 7712, 400
1588636367312, 28611, 1536, 7680, 384
1588636367337, 28636, 1536, 7616, 480
1588636367362, 28661, 1520, 7600, 448
1588636367387, 28686, 1504, 7696, 496
1588636367413, 28711, 1520, 7728, 432
1588636367438, 28736, 1520, 7728, 304
1588636367462, 28761, 1424, 7632, 352
1588636367490, 28786, 1488, 7648, 352
1588636367512, 28811, 1520, 7680, 416
1588636367537, 28836, 1648, 7760, 256
1588636367562, 28861, 1504, 7744, 240
1588636367587, 28886, 1424, 7664, 288
1588636367613, 28911, 1456, 7664, 272
1588636367637, 28936, 1488, 7664, 448
1588636367662, 28961, 1488, 7712, 480
1588636367687, 28986, 1456, 7680, 224
1588636367712, 29011, 1424, 7664, 224
1588636367738, 29036, 1472, 7680, 272
1588636367763, 29061, 1568, 7664, 288
1588636367787, 29086, 1584, 7584, 320
1588636367813, 29111, 1408, 7696, 304
1588636367837, 29136, 1344, 7632, 256
1588636367862, 29161, 1312, 7552, 240
1588636367886, 29186, 1408, 7552, -80
1588636367909, 29211, 1504, 7616, 0
1588636367933, 29234, 1360, 7728, 16
1588636367956, 29258, 1328, 7536, 16
1588636367980, 29282, 1088, 7552, 0
1588636368003, 29305, 992, 7616, -32
1588636368026, 29329, 960, 7776, 16
1588636368052, 29352, 1008, 7824, 64
1588636368077, 29376, 1088, 7888, 176
1588636368102, 29401, 1232, 7968, 176
1588636368127, 29426, 1344, 7936, 256
1588636368152, 29451, 1328, 7904, 160
1588636368177, 29476, 1216, 7696, 256
1588636368202, 29501, 1072, 7744, 224
1588636368226, 29526, 1072, 7808, 352
1588636368252, 29551, 1072, 7904, 464
1588636368276, 29576, 1040, 7904, 448
1588636368301, 29601, 768, 7808, 320
1588636368324, 29625, 560, 7904, 384
1588636368348, 29649, 480, 7984, 208
1588636368371, 29673, 688, 7888, 224
1588636368396, 29697, 800, 7840, 224
1588636368420, 29721, 768, 7760, 288
1588636368444, 29745, 688, 7760, 256
1588636368468, 29769, 688, 7648, 208
1588636368491, 29793, 416, 7728, 288
1588636368515, 29817, 272, 7856, 192
1588636368540, 29841, 304, 7952, 176
1588636368564, 29865, 272, 7920, 208
1588636368587, 29888, 336, 7920, 208
1588636368611, 29912, 464, 8000, 352
1588636368635, 29936, 560, 7952, 336
1588636368659, 29960, 528, 7792, 624
1588636368683, 29984, 784, 7680, 544
1588636368707, 30008, 704, 7760, 576
1588636368731, 30032, 816, 7728, 592
1588636368756, 30056, 1024, 7728, 608
1588636368780, 30081, 960, 7696, 624
1588636368804, 30105, 944, 7680, 592
1588636368827, 30129, 928, 7584, 592
1588636368852, 30153, 416, 7824, 736
1588636368876, 30177, 320, 7952, 768
1588636368900, 30201, 432, 7888, 832
1588636368923, 30225, 640, 7664, 864
1588636368950, 30249, 560, 7744, 992
1588636368975, 30273, 1344, 7904, 1136
1588636369000, 30299, 1488, 8064, 992
1588636369025, 30324, 1424, 7968, 1040
1588636369051, 30350, 1456, 7504, 896
1588636369074, 30375, 1504, 7392, 720
1588636369099, 30400, 848, 7936, 704
1588636369123, 30424, 656, 7856, 624
1588636369146, 30448, 448, 7760, 448
1588636369170, 30472, 560, 7744, 528
1588636369195, 30496, 896, 7536, 576
1588636369221, 30520, 1536, 7552, 656
1588636369245, 30545, 1760, 7632, 784
1588636369271, 30570, 1456, 7664, 672
1588636369294, 30595, 1168, 7776, 496
1588636369319, 30620, 848, 7776, 272
1588636369343, 30644, 784, 7760, 224
1588636369367, 30668, 864, 7600, 160
1588636369390, 30692, 1072, 7504, 96
1588636369416, 30716, 1360, 7504, 48
1588636369440, 30740, 1488, 7472, 240
1588636369465, 30765, 1616, 7520, 288
1588636369490, 30790, 1984, 7616, 208
1588636369515, 30815, 2128, 7808, 128
1588636369538, 30840, 1936, 8048, 64
1588636369561, 30863, 1600, 8112, 0
1588636369585, 30886, 1472, 7984, 48
1588636369610, 30910, 1408, 7680, 80
1588636369635, 30934, 1456, 7520, 128
1588636369660, 30959, 1440, 7600, 144
1588636369685, 30984, 1536, 7824, 224
1588636369710, 31009, 1792, 7760, 320
1588636369736, 31034, 1904, 7600, 368
1588636369760, 31059, 1888, 7568, 464
1588636369786, 31084, 1824, 7520, 720
1588636369810, 31109, 1936, 7584, 832
1588636369835, 31134, 2000, 7680, 912
1588636369860, 31159, 2080, 7600, 688
1588636369885, 31184, 1968, 7600, 624
1588636369911, 31209, 1744, 7616, 720
1588636369935, 31234, 1664, 7520, 784
1588636369962, 31259, 1744, 7472, 976
1588636369987, 31284, 1888, 7360, 1056
1588636370013, 31310, 1920, 7616, 1152
1588636370039, 31336, 1920, 8016, 1040
1588636370064, 31362, 1680, 8208, 608
1588636370088, 31387, 1072, 8080, 528
1588636370112, 31412, 992, 7728, 368
1588636370135, 31436, 640, 7360, 256
1588636370161, 31460, 592, 7456, 160
1588636370186, 31484, 1104, 7664, 256
1588636370210, 31509, 1072, 7728, 400
1588636370232, 31534, 912, 7712, 224
1588636370258, 31558, 752, 7760, 720
1588636370282, 31582, 864, 7712, 704
1588636370307, 31606, 1008, 7712, 640
1588636370332, 31631, 1168, 7840, 672
1588636370357, 31656, 1376, 7680, 720
1588636370382, 31681, 1424, 7568, 784
1588636370407, 31706, 1536, 7712, 784
1588636370431, 31731, 1152, 7680, 720
1588636370456, 31756, 816, 7760, 608
1588636370479, 31780, 560, 7776, 416
1588636370503, 31804, 624, 7632, 368
1588636370527, 31828, 832, 7616, 448
1588636370550, 31852, 880, 7600, 544
1588636370574, 31876, 912, 7616, 640
1588636370599, 31900, 832, 7808, 720
1588636370623, 31924, 784, 7536, 544
1588636370647, 31948, 656, 7456, 608
1588636370672, 31972, 1040, 7760, 752
1588636370697, 31997, 1104, 7888, 880
1588636370722, 32022, 1152, 7728, 864
1588636370747, 32047, 1184, 7520, 880
1588636370774, 32072, 1200, 7536, 992
1588636370800, 32097, 1152, 7584, 1136
1588636370824, 32123, 1088, 7824, 1312
1588636370849, 32149, 912, 7824, 1312
1588636370874, 32174, 832, 7936, 1200
1588636370900, 32199, 832, 8096, 1152
1588636370924, 32224, 480, 7936, 1024
1588636370948, 32249, 576, 7392, 928
1588636370974, 32273, 608, 7680, 1424
1588636371000, 32298, 800, 8064, 1936
1588636371025, 32323, 1056, 8000, 2224
1588636371052, 32349, 1168, 7696, 2112
1588636371077, 32375, 1136, 7504, 2080
1588636371104, 32401, 1104, 7408, 2032
1588636371130, 32427, 1376, 7200, 2176
1588636371155, 32453, 1232, 7248, 2224
1588636371182, 32479, 1232, 7568, 2192
1588636371205, 32505, 976, 7648, 2144
1588636371231, 32530, 912, 7568, 2272
1588636371256, 32555, 736, 7472, 2304
1588636371281, 32580, 480, 7280, 2336
1588636371307, 32605, 416, 7392, 2432
1588636371331, 32630, 432, 7520, 2448
1588636371356, 32655, 576, 7648, 2944
1588636371381, 32680, 720, 7488, 3088
1588636371406, 32705, 448, 7088, 3216
1588636371431, 32730, 432, 6752, 3376
1588636371455, 32755, 448, 6608, 3712
1588636371481, 32780, 864, 6288, 4016
1588636371506, 32805, 848, 6304, 4304
1588636371530, 32830, 656, 6384, 4256
1588636371556, 32855, 496, 6336, 3968
1588636371581, 32880, 496, 6736, 4384
1588636371606, 32905, 272, 6960, 4544
1588636371631, 32930, 176, 6704, 4448
1588636371656, 32955, 336, 6400, 4448
1588636371681, 32980, 576, 6288, 4336
1588636371706, 33005, 624, 6368, 4304
1588636371732, 33030, 144, 6624, 4432
1588636371756, 33055, 384, 7184, 4128
1588636371782, 33080, 752, 6448, 3600
1588636371808, 33105, 1600, 6448, 3792
1588636371835, 33131, 1696, 6576, 4080
1588636371859, 33157, 1728, 6768, 4112
1588636371885, 33183, 864, 6960, 3776
1588636371910, 33208, 576, 6992, 3696
1588636371935, 33233, 624, 7072, 3808
1588636371959, 33258, 992, 6944, 3744
1588636371985, 33283, 976, 6832, 3808
1588636372010, 33308, 912, 6864, 3856
1588636372035, 33333, 976, 6832, 3872
1588636372060, 33358, 1088, 6752, 3760
1588636372086, 33384, 960, 6752, 3632
1588636372110, 33409, 800, 6800, 3552
1588636372136, 33434, 800, 6704, 3248
1588636372162, 33459, 1184, 6864, 3504
1588636372189, 33485, 1120, 6816, 3552
1588636372214, 33511, 1056, 6720, 3664
1588636372239, 33537, 1216, 6720, 3760
1588636372264, 33563, 976, 6928, 3536
1588636372289, 33588, 800, 7312, 3648
1588636372315, 33613, 784, 7296, 3584
1588636372342, 33638, 1072, 7184, 3424
1588636372368, 33665, 1200, 6896, 3520
1588636372393, 33691, 1280, 6864, 3648
1588636372419, 33717, 1264, 6848, 3312
1588636372445, 33743, 1184, 7072, 3104
1588636372470, 33769, 1040, 7136, 2992
1588636372497, 33795, 896, 7264, 2832
1588636372523, 33820, 1152, 7344, 2832
1588636372549, 33846, 1456, 7472, 3008
1588636372575, 33872, 1760, 7392, 2976
1588636372601, 33898, 1744, 7344, 2944
1588636372627, 33924, 1728, 7248, 2944
1588636372652, 33950, 1712, 7408, 3072
1588636372678, 33976, 1872, 7392, 3104
1588636372704, 34002, 2160, 7168, 2880
1588636372732, 34028, 2256, 7120, 2640
1588636372757, 34054, 1856, 7312, 2416
1588636372784, 34080, 1232, 7104, 2240
1588636372809, 34106, 1008, 7232, 2192
1588636372836, 34132, 1008, 7328, 2144
1588636372861, 34158, 1072, 7216, 2160
1588636372886, 34184, 864, 7232, 2128
1588636372910, 34209, 752, 7296, 2016
1588636372935, 34234, 624, 7424, 2032
1588636372961, 34259, 480, 7552, 1856
1588636372985, 34284, 544, 7632, 1760
1588636373010, 34309, 640, 7504, 1712
1588636373036, 34334, 880, 7648, 1936
1588636373063, 34359, 1008, 7760, 1840
1588636373089, 34385, 1088, 7808, 1712
1588636373115, 34411, 1120, 7536, 1728
1588636373140, 34437, 1184, 7600, 1664
1588636373166, 34463, 1200, 7584, 1824
1588636373193, 34490, 1184, 7648, 1808
1588636373218, 34516, 1328, 7792, 1760
1588636373245, 34542, 1328, 7968, 1776
1588636373271, 34568, 1248, 7968, 1680
1588636373297, 34594, 1120, 7664, 1584
1588636373321, 34620, 1040, 7456, 1552
1588636373348, 34646, 976, 7328, 1424
1588636373372, 34671, 1168, 7296, 1296
1588636373397, 34697, 992, 7328, 1360
1588636373424, 34722, 896, 7440, 1344
1588636373449, 34747, 1152, 7408, 1408
1588636373475, 34773, 1328, 7696, 1248
1588636373501, 34799, 1200, 8064, 1088
1588636373524, 34825, 1152, 8112, 816
1588636373548, 34850, 560, 7968, 752
1588636373572, 34874, 528, 7984, 816
1588636373598, 34898, 544, 7792, 816
1588636373622, 34922, 720, 7600, 1040
1588636373647, 34947, 912, 7808, 864
1588636373672, 34971, 1184, 8112, 992
1588636373696, 34996, 1264, 8192, 848
1588636373722, 35021, 1392, 7776, 816
1588636373747, 35046, 1664, 7008, 640
1588636373772, 35071, 1504, 6832, 752
1588636373798, 35096, 1680, 7536, 768
1588636373824, 35121, 1056, 7952, 1136
1588636373849, 35147, 1168, 7840, 1376
1588636373876, 35173, 1344, 7472, 1632
1588636373902, 35199, 1952, 7040, 1536
1588636373927, 35225, 1968, 7120, 1088
1588636373953, 35251, 1888, 7184, 992
1588636373978, 35276, 1584, 7328, 1232
1588636374005, 35302, 1392, 7968, 1808
1588636374032, 35328, 2000, 8432, 2704
1588636374056, 35354, 2592, 7776, 2640
1588636374083, 35380, 2768, 7296, 1968
1588636374108, 35406, 2752, 7520, 1600
1588636374136, 35432, 1744, 7808, 1264
1588636374161, 35458, 1296, 7760, 1056
1588636374187, 35484, 1216, 7600, 1072
1588636374213, 35510, 1328, 7296, 1264
1588636374239, 35536, 1648, 7120, 1440
1588636374265, 35562, 1664, 7184, 1440
1588636374291, 35588, 1472, 7520, 1248
1588636374318, 35615, 1376, 7744, 1152
1588636374343, 35641, 1296, 7520, 1024
1588636374368, 35667, 1120, 7328, 832
1588636374392, 35692, 1680, 7984, 624
1588636374416, 35717, 1504, 8864, 528
1588636374441, 35742, 608, 8128, 704
1588636374465, 35766, 176, 6640, 608
1588636374490, 35790, 128, 6704, 720
1588636374515, 35813, 480, 7392, 1008
1588636374540, 35838, 752, 7856, 1216
1588636374564, 35863, 704, 7856, 1232
1588636374589, 35888, 304, 7728, 1072
1588636374612, 35913, 272, 7968, 912
1588636374637, 35937, 656, 7952, 832
1588636374661, 35961, 1008, 7648, 560
1588636374686, 35986, 944, 7824, 800
1588636374710, 36010, 704, 7888, 960
1588636374735, 36034, 560, 7744, 1168
1588636374760, 36059, 832, 7712, 1424
1588636374786, 36084, 896, 7744, 1840
1588636374813, 36109, 1328, 7616, 1904
1588636374837, 36135, 1152, 7568, 1584
1588636374861, 36161, 624, 7568, 1152
1588636374885, 36186, 560, 7728, 976
1588636374909, 36210, 656, 7808, 752
1588636374933, 36234, 640, 7904, 736
1588636374957, 36258, 624, 7824, 672
1588636374980, 36282, 608, 7824, 704
1588636375006, 36306, 640, 7856, 592
1588636375029, 36330, 720, 7808, 512
1588636375053, 36354, 736, 7776, 656
1588636375076, 36378, 736, 7664, 688
1588636375100, 36402, 880, 7712, 912
1588636375125, 36426, 880, 7760, 944
1588636375149, 36450, 848, 7712, 928
1588636375173, 36474, 800, 7712, 944
1588636375197, 36498, 736, 7696, 960
1588636375221, 36522, 848, 7808, 816
1588636375244, 36546, 928, 7776, 704
1588636375268, 36570, 864, 7728, 688
1588636375293, 36594, 864, 7744, 736
1588636375316, 36618, 784, 7744, 848
1588636375340, 36642, 832, 7712, 720
1588636375364, 36666, 816, 7712, 752
1588636375388, 36690, 848, 7728, 720
1588636375412, 36713, 896, 7728, 736
1588636375436, 36737, 848, 7744, 736
1588636375460, 36761, 912, 7696, 688
1588636375484, 36785, 800, 7744, 752
1588636375508, 36809, 800, 7696, 672
1588636375532, 36833, 848, 7760, 656
1588636375556, 36857, 816, 7776, 640
1588636375580, 36881, 832, 7776, 688
1588636375604, 36905, 880, 7808, 688
1588636375628, 36929, 800, 7712, 512
1588636375652, 36953, 752, 7744, 672
1588636375676, 36977, 912, 7824, 640
1588636375700, 37001, 832, 7808, 624
1588636375724, 37025, 896, 7808, 560
1588636375747, 37049, 864, 7760, 384
1588636375771, 37073, 832, 7840, 624
1588636375795, 37097, 832, 7712, 560
1588636375820, 37121, 848, 7712, 624
1588636375844, 37145, 864, 7808, 656
1588636375868, 37169, 880, 7808, 608
1588636375891, 37193, 992, 7744, 640
1588636375915, 37217, 848, 7840, 496
1588636375939, 37241, 848, 7760, 528
1588636375963, 37265, 928, 7808, 560
1588636375987, 37288, 960, 7744, 528
1588636376011, 37312, 944, 7776, 560
1588636376036, 37336, 944, 7792, 560
1588636376060, 37360, 864, 7776, 480
1588636376083, 37384, 976, 7760, 496
1588636376108, 37408, 992, 7728, 544
1588636376131, 37432, 944, 7792, 576
1588636376155, 37456, 864, 7840, 432
1588636376178, 37480, 880, 7760, 480
1588636376203, 37504, 880, 7792, 528
1588636376228, 37528, 960, 7744, 528
1588636376251, 37552, 960, 7680, 448
1588636376275, 37576, 912, 7824, 656
1588636376298, 37600, 800, 7808, 496
1588636376322, 37624, 944, 7776, 464
1588636376347, 37648, 912, 7776, 480
1588636376371, 37672, 848, 7728, 592
1588636376395, 37696, 928, 7696, 432
1588636376418, 37720, 928, 7744, 432
1588636376443, 37744, 912, 7776, 528
1588636376466, 37768, 976, 7792, 464
1588636376490, 37792, 912, 7728, 464
1588636376514, 37816, 928, 7744, 512
1588636376538, 37840, 928, 7760, 512
1588636376562, 37863, 928, 7744, 368
1588636376587, 37887, 992, 7808, 480
1588636376610, 37911, 896, 7792, 512
1588636376634, 37935, 928, 7760, 416
1588636376657, 37959, 992, 7792, 416
1588636376682, 37983, 880, 7840, 400
1588636376706, 38007, 960, 7728, 512
1588636376731, 38031, 928, 7744, 480
1588636376755, 38055, 1024, 7760, 464
1588636376779, 38080, 976, 7792, 400
1588636376803, 38104, 960, 7776, 416
1588636376827, 38128, 976, 7760, 592
1588636376851, 38152, 976, 7792, 448
1588636376875, 38176, 960, 7744, 464
1588636376899, 38200, 928, 7760, 480
1588636376923, 38224, 912, 7792, 512
1588636376947, 38248, 944, 7744, 496
1588636376970, 38272, 912, 7760, 464
1588636376994, 38296, 896, 7744, 464
1588636377018, 38320, 928, 7760, 464
1588636377042, 38344, 960, 7744, 480
1588636377066, 38368, 928, 7760, 464
1588636377090, 38392, 960, 7760, 496
1588636377114, 38416, 976, 7696, 448
1588636377138, 38440, 944, 7712, 528
1588636377163, 38463, 944, 7744, 464
1588636377186, 38487, 928, 7760, 480
1588636377211, 38511, 976, 7808, 496
1588636377234, 38535, 976, 7792, 544
1588636377258, 38559, 928, 7824, 464
1588636377282, 38583, 944, 7696, 464
1588636377306, 38607, 928, 7760, 496
1588636377330, 38631, 960, 7792, 400
1588636377353, 38655, 896, 7808, 400
1588636377378, 38679, 992, 7744, 528
1588636377402, 38703, 976, 7776, 560
1588636377426, 38727, 944, 7680, 496
1588636377450, 38751, 992, 7728, 416
1588636377474, 38775, 928, 7776, 496
1588636377497, 38799, 960, 7744, 448
1588636377521, 38823, 928, 7712, 512
1588636377546, 38847, 928, 7760, 464
1588636377570, 38871, 960, 7808, 480
1588636377593, 38895, 976, 7776, 592
1588636377617, 38919, 992, 7792, 528
1588636377641, 38943, 960, 7760, 480
1588636377665, 38967, 928, 7808, 448
1588636377689, 38991, 944, 7840, 496
1588636377713, 39015, 928, 7760, 288
1588636377737, 39038, 928, 7744, 480
1588636377761, 39062, 960, 7744, 592
1588636377785, 39086, 992, 7792, 464
1588636377810, 39110, 816, 7760, 432
1588636377834, 39134, 1008, 7792, 464
1588636377858, 39159, 944, 7776, 480
1588636377882, 39183, 960, 7744, 464
1588636377907, 39207, 912, 7776, 480
1588636377931, 39231, 1008, 7696, 448
1588636377956, 39256, 928, 7776, 448
1588636377978, 39280, 976, 7728, 416
1588636378003, 39304, 896, 7744, 416
1588636378026, 39328, 912, 7696, 416
1588636378051, 39352, 864, 7696, 304
1588636378074, 39376, 880, 7648, 256
1588636378098, 39400, 816, 7584, 128
1588636378122, 39424, 800, 7616, 112
1588636378147, 39448, 880, 7696, 144
1588636378170, 39472, 896, 7680, 304
1588636378195, 39496, 880, 7728, 512
1588636378218, 39520, 912, 7520, 432
1588636378244, 39544, 912, 7680, 608
1588636378268, 39568, 1296, 7840, 656
1588636378292, 39593, 1360, 7872, 496
1588636378318, 39618, 1184, 7936, 32
1588636378342, 39642, 1264, 7872, 176
1588636378365, 39667, 864, 7936, 224
1588636378389, 39691, 928, 8016, 304
1588636378413, 39715, 848, 7984, 352
1588636378438, 39738, 960, 7968, 304
1588636378464, 39762, 1008, 7984, 224
1588636378490, 39787, 1248, 7888, 128
1588636378514, 39812, 1312, 7792, -112
1588636378537, 39838, 1168, 7808, 48
1588636378562, 39862, 1216, 7776, 32
1588636378587, 39886, 1216, 7760, 192
1588636378611, 39911, 1104, 7712, 208
1588636378635, 39936, 816, 7488, 288
1588636378658, 39960, 512, 7136, 112
1588636378682, 39984, 240, 6720, 16
1588636378706, 40007, -32, 6864, 368
1588636378732, 40031, 64, 9216, 1744
1588636378756, 40055, 592, 10288, 2064
1588636378781, 40081, 848, 8064, 496
1588636378805, 40105, 1072, 8400, 880
1588636378830, 40130, 1296, 7776, 256
1588636378855, 40155, 256, 6656, -32
1588636378879, 40179, 176, 6144, -496
1588636378903, 40204, 48, 6480, -384
1588636378927, 40228, -16, 6032, -48
1588636378950, 40252, 432, 6288, 336
1588636378975, 40276, 192, 6784, 608
1588636379001, 40300, -176, 6912, 592
1588636379026, 40325, -80, 7920, 1104
1588636379052, 40350, 688, 8720, 1360
1588636379078, 40375, 1040, 8416, 1376
1588636379104, 40401, 1376, 8384, 1504
1588636379129, 40427, 1232, 8576, 1744
1588636379154, 40453, 1184, 8064, 1856
1588636379183, 40479, 720, 7536, 1808
1588636379211, 40504, -1824, 10096, 1808
1588636379237, 40532, -1728, 12832, 1360
1588636379263, 40560, 576, 9136, -336
1588636379287, 40585, 1408, 8160, -1504
1588636379316, 40612, 0, 8400, -1680
1588636379342, 40636, -1072, 8368, -2720
1588636379368, 40665, -640, 8032, -3344
1588636379396, 40692, 464, 6960, -3072
1588636379422, 40718, 1520, 6160, -2800
1588636379449, 40745, 2496, 6304, -2352
1588636379477, 40772, 3200, 7152, -2480
1588636379503, 40799, 2688, 7792, -1648
1588636379527, 40826, 1312, 7264, -816
1588636379552, 40852, 144, 6576, -64
1588636379576, 40876, -176, 6624, 384
1588636379601, 40901, 176, 6800, 928
1588636379627, 40925, 1216, 6528, 1312
1588636379654, 40951, 2192, 6000, 1584
1588636379680, 40977, 2256, 5808, 1696
1588636379706, 41003, 2256, 5888, 1472
1588636379732, 41029, 2272, 6224, 1680
1588636379758, 41055, 1936, 6800, 1536
1588636379785, 41081, 1840, 7840, 1392
1588636379810, 41107, 1520, 8640, 1216
1588636379836, 41133, 1472, 8496, 1424
1588636379862, 41159, 1488, 8336, 1776
1588636379889, 41185, 3600, 9360, 1568
1588636379916, 41211, 4928, 11808, 2080
1588636379941, 41238, 3856, 10928, 1504
1588636379967, 41266, 3600, 7360, 160
1588636379993, 41291, 432, 6848, -672
1588636380020, 41316, -80, 7280, -1488
1588636380047, 41342, -976, 7952, -2368
1588636380076, 41369, -1696, 8592, -2800
1588636380102, 41397, -1280, 8032, -2928
1588636380129, 41425, -336, 7280, -1984
1588636380156, 41452, 592, 6432, -1152
1588636380179, 41478, 1456, 5952, -448
1588636380204, 41504, 2240, 5840, 864
1588636380229, 41529, 2528, 5200, 800
1588636380255, 41554, 1808, 4560, 720
1588636380280, 41579, 912, 4800, 1088
1588636380306, 41604, 704, 5472, 1216
1588636380330, 41629, -304, 6592, 1424
1588636380355, 41655, 272, 8352, 1664
1588636380380, 41680, 304, 9536, 976
1588636380407, 41704, 1488, 9680, 496
1588636380432, 41729, 1664, 11472, 2544
1588636380461, 41756, 2352, 8608, 2096
1588636380487, 41782, 1408, 10096, 2896
1588636380512, 41809, -144, 12720, 2064
1588636380539, 41836, 304, 8400, -352
1588636380566, 41861, -288, 7504, -1552
1588636380593, 41888, -432, 7824, -2848
1588636380620, 41916, -272, 7920, -2736
1588636380647, 41943, 1040, 7328, -3200
1588636380675, 41970, 1472, 7520, -3232
1588636380702, 41997, 1952, 7376, -3168
1588636380729, 42024, 2480, 6928, -2320
1588636380755, 42051, 1984, 6416, -1296
1588636380778, 42078, 1008, 6160, -624
1588636380804, 42104, 80, 6320, 256
1588636380829, 42127, -448, 6352, 1072
1588636380855, 42153, 160, 6272, 1824
1588636380881, 42178, 1776, 5696, 2400
1588636380907, 42204, 3136, 5200, 2736
1588636380933, 42230, 3216, 5200, 2816
1588636380959, 42256, 3136, 6016, 2480
1588636380986, 42282, 2112, 7264, 2176
1588636381009, 42308, 1168, 8048, 1472
1588636381035, 42334, 1024, 8400, 800
1588636381061, 42359, 976, 8368, 1056
1588636381088, 42384, 2816, 8752, 1696
1588636381114, 42410, 4560, 9808, 1824
1588636381140, 42436, 4640, 11760, 2704
1588636381164, 42463, 2128, 9664, 2048
1588636381189, 42489, 672, 7952, 448
1588636381214, 42513, 144, 7840, -608
1588636381243, 42538, 80, 7808, -1952
1588636381271, 42563, -1664, 7360, -2944
1588636381298, 42592, -1520, 8224, -3488
1588636381324, 42620, -1072, 7264, -3008
1588636381350, 42648, -80, 6656, -1680
1588636381375, 42674, 784, 6000, -1136
1588636381402, 42700, 1744, 6032, 400
1588636381426, 42725, 2448, 6896, 2096
1588636381452, 42751, 1568, 4176, 496
1588636381476, 42776, 1472, 4160, 976
1588636381502, 42801, 800, 5232, 1408
1588636381526, 42826, 768, 6336, 1872
1588636381552, 42851, 560, 7536, 1920
1588636381577, 42876, 768, 9296, 1680
1588636381604, 42901, 1248, 9632, 176
1588636381629, 42926, 2208, 12448, 3024
1588636381655, 42953, 1984, 8256, 2144
1588636381680, 42979, 64, 11280, 2176
1588636381708, 43004, -816, 11920, 816
1588636381735, 43030, -384, 8432, -1136
1588636381762, 43057, -304, 8144, -3408
1588636381789, 43084, -784, 8416, -3856
1588636381817, 43111, -368, 7728, -4016
1588636381844, 43138, 1216, 7552, -4016
1588636381870, 43166, 2192, 7264, -3856
1588636381897, 43193, 2960, 6320, -2480
1588636381923, 43220, 2000, 6128, -1280
1588636381947, 43247, 368, 6384, -416
1588636381974, 43272, -768, 6576, 192
1588636381999, 43297, -896, 6496, 1072
1588636382026, 43323, -832, 5840, 1536
1588636382051, 43349, 2128, 5568, 1664
1588636382078, 43375, 2960, 5440, 1920
1588636382103, 43401, 3168, 5600, 2144
1588636382130, 43427, 2912, 6096, 2208
1588636382156, 43453, 2944, 7280, 2208
1588636382182, 43479, 1312, 8224, 1840
1588636382207, 43505, 1008, 8928, 1568
1588636382233, 43531, 2160, 9200, 1488
1588636382261, 43557, 4368, 9824, 1712
1588636382287, 43583, 4528, 12256, 1600
1588636382314, 43610, 3856, 11328, 656
1588636382340, 43636, 1616, 8256, -304
1588636382368, 43662, -128, 7152, -1248
1588636382397, 43689, -1600, 6896, -2096
1588636382425, 43718, -2608, 7648, -2896
1588636382453, 43746, -2384, 8320, -3328
1588636382476, 43774, -1392, 7200, -2176
1588636382500, 43802, 0, 6176, -1232
1588636382526, 43826, 16, 5472, -608
1588636382552, 43850, 2096, 5168, 208
1588636382578, 43875, 2432, 5456, 1424
1588636382604, 43901, 1984, 4544, 1024
1588636382630, 43927, 1808, 4240, 1120
1588636382655, 43953, 1808, 5232, 2016
1588636382680, 43979, 912, 6224, 2240
1588636382704, 44004, 720, 7664, 1952
1588636382730, 44029, 912, 8864, 656
1588636382758, 44053, 1360, 10576, 480
1588636382783, 44079, 2112, 12576, 2048
1588636382810, 44106, 2128, 9328, 2320
1588636382834, 44132, 1888, 12272, 864
1588636382861, 44158, -608, 9552, -816
1588636382888, 44184, 336, 7824, -1680
1588636382914, 44210, -224, 7920, -3952
1588636382941, 44237, 320, 8368, -4464
1588636382969, 44263, 1472, 7632, -4336
1588636382996, 44291, 1584, 7232, -3520
1588636383023, 44318, 2496, 6832, -3152
1588636383049, 44345, 2336, 6640, -2160
1588636383074, 44372, 1856, 6336, -1200
1588636383098, 44399, 608, 6192, -256
1588636383123, 44424, 160, 5952, 288
1588636383147, 44448, -32, 5984, 992
1588636383174, 44472, 320, 5696, 1648
1588636383199, 44497, 1312, 5360, 2048
1588636383225, 44523, 2128, 5344, 2160
1588636383252, 44549, 2256, 5888, 2528
1588636383277, 44575, 2128, 6848, 2864
1588636383304, 44601, 1808, 7488, 2560
1588636383330, 44627, 1568, 8272, 2048
1588636383356, 44653, 2368, 8672, 1760
1588636383382, 44679, 4016, 9040, 1888
1588636383409, 44705, 5776, 9312, 1600
1588636383435, 44731, 5376, 11552, 1536
1588636383461, 44758, 5088, 10528, 1344
1588636383487, 44785, 1424, 8080, 320
1588636383514, 44810, -176, 7648, -960
1588636383542, 44836, -992, 7792, -1984
1588636383571, 44863, -1824, 8032, -2832
1588636383598, 44892, -1392, 8784, -3200
1588636383624, 44920, -736, 7376, -2224
1588636383647, 44947, -784, 6304, -1040
1588636383672, 44974, 0, 5376, -608
1588636383698, 44997, 944, 5168, 336
1588636383724, 45021, 1840, 5328, 1552
1588636383749, 45047, 1936, 4240, 1056
1588636383775, 45073, 1712, 4192, 1440
1588636383799, 45099, 912, 5584, 2096
1588636383825, 45124, 784, 6640, 2096
1588636383851, 45149, 784, 8064, 1872
1588636383878, 45174, 1152, 9584, 1296
1588636383905, 45200, 1312, 11520, 1440
1588636383931, 45227, 1904, 10848, 2528
1588636383959, 45254, 1696, 8176, 2752
1588636383986, 45280, -1040, 11232, 1616
1588636384014, 45308, -1120, 9488, -544
1588636384041, 45335, -672, 7904, -1424
1588636384067, 45362, -656, 7904, -3888
1588636384093, 45389, 176, 8240, -4384
1588636384121, 45416, 1392, 8256, -4272
1588636384147, 45443, 1968, 8000, -3936
1588636384175, 45470, 1968, 7568, -2656
1588636384199, 45497, 1680, 6992, -1472
1588636384223, 45524, 448, 6176, -512
1588636384248, 45549, -320, 5824, 96
1588636384274, 45573, -784, 5600, 752
1588636384300, 45598, -576, 5744, 1680
1588636384325, 45624, 928, 5488, 2096
1588636384351, 45649, 2640, 5120, 2336
1588636384378, 45675, 3600, 5328, 2464
1588636384404, 45701, 3664, 5680, 2304
1588636384430, 45727, 2480, 6624, 2720
1588636384454, 45753, 1168, 7952, 2832
1588636384480, 45779, 640, 8688, 2800
1588636384507, 45804, 1776, 9040, 2720
1588636384533, 45830, 3984, 9216, 3136
1588636384561, 45856, 5520, 8928, 2480
1588636384587, 45882, 3872, 10816, 2704
1588636384611, 45909, 1184, 10560, 2000
1588636384637, 45936, 208, 8272, 304
1588636384665, 45960, -256, 7392, -928
1588636384693, 45986, -1216, 6944, -1856
1588636384721, 46014, -2672, 8064, -3600
1588636384750, 46043, -2592, 9072, -4224
1588636384774, 46071, -2528, 7632, -2352
1588636384796, 46099, 48, 6416, -1056
1588636384821, 46124, 48, 5632, 0
1588636384847, 46145, 2096, 5632, 848
1588636384873, 46170, 2448, 5888, 2448
1588636384899, 46196, 1712, 3968, 1360
1588636384924, 46222, 1392, 3888, 1696
1588636384948, 46248, 1296, 5056, 2064
1588636384972, 46274, 48, 6320, 2304
1588636384997, 46298, 0, 7600, 2272
1588636385020, 46321, -48, 8864, 1504
1588636385047, 46346, 960, 9616, 192
1588636385073, 46370, 1664, 14064, 3760
1588636385099, 46397, 1488, 8816, 1872
1588636385126, 46423, 384, 11104, 2752
1588636385153, 46449, 208, 12112, 1152
1588636385180, 46475, -864, 8352, -1584
1588636385208, 46502, -1104, 8128, -2512
1588636385234, 46530, -944, 7648, -3296
1588636385260, 46557, 352, 6912, -3328
1588636385288, 46583, 1248, 7328, -3328
1588636385315, 46610, 1744, 7728, -3536
1588636385343, 46637, 2000, 7616, -3216
1588636385368, 46664, 1472, 6528, -2336
1588636385393, 46692, 800, 6448, -1232
1588636385418, 46718, -96, 6736, -352
1588636385443, 46743, -432, 6880, 784
1588636385469, 46768, -64, 6944, 2016
1588636385495, 46793, 1232, 5920, 2512
1588636385521, 46819, 1568, 4992, 3072
1588636385548, 46845, 3328, 5136, 2864
1588636385573, 46871, 3008, 5456, 2944
1588636385600, 46897, 2528, 6112, 2640
1588636385626, 46923, 1744, 7200, 2208
1588636385650, 46949, 1600, 7600, 1776
1588636385676, 46975, 128, 8048, 1664
1588636385702, 47000, 1376, 8304, 1200
1588636385730, 47026, 3440, 8496, 1056
1588636385757, 47052, 3664, 11072, 1904
1588636385782, 47079, 3952, 12624, 2464
1588636385807, 47106, 2080, 9520, 1728
1588636385833, 47132, 256, 7952, 448
1588636385860, 47156, -752, 7536, -368
1588636385888, 47182, -928, 7328, -1504
1588636385916, 47209, -2816, 6944, -2624
1588636385944, 47237, -2336, 7392, -3024
1588636385972, 47266, -1152, 7344, -2736
1588636385997, 47294, -976, 7104, -1552
1588636386024, 47321, 1152, 6944, -352
1588636386050, 47347, 3072, 8032, 3632
1588636386076, 47373, 3392, 5552, 1136
1588636386100, 47399, 1712, 3664, 1312
1588636386126, 47425, 496, 4464, 1584
1588636386153, 47450, -432, 5328, 1568
1588636386177, 47476, -496, 6112, 1488
1588636386202, 47502, 32, 7344, 1872
1588636386227, 47526, 416, 8592, 1248
1588636386254, 47551, 544, 9440, -272
1588636386280, 47576, 1200, 11904, 1712
1588636386307, 47603, 2016, 9696, 2112
1588636386334, 47629, 1232, 10240, 3568
1588636386359, 47656, 1088, 12128, 2608
1588636386389, 47683, -208, 8000, -576
1588636386416, 47709, -1040, 8480, -1936
1588636386442, 47737, -432, 8016, -3600
1588636386468, 47764, -400, 6912, -3520
1588636386495, 47792, 416, 6048, -3056
1588636386521, 47818, 1280, 6928, -2784
1588636386547, 47845, 752, 7760, -2544
1588636386572, 47871, 320, 8384, -1408
1588636386596, 47897, 176, 8400, -352
1588636386621, 47922, 80, 7472, 464
1588636386645, 47945, 528, 6512, 1520
1588636386672, 47970, 448, 6064, 2448
1588636386697, 47995, 1456, 5888, 2544
1588636386724, 48021, 1664, 5440, 1760
1588636386750, 48047, 1632, 5616, 1600
1588636386776, 48073, 1440, 5968, 1664
1588636386802, 48099, 1552, 6224, 1664
1588636386827, 48125, 1824, 6704, 2128
1588636386855, 48151, 1728, 6976, 2208
1588636386880, 48177, 1792, 7920, 2304
1588636386906, 48203, 1040, 8944, 2240
1588636386932, 48229, 1776, 8912, 2192
1588636386960, 48255, 2752, 9216, 2048
1588636386985, 48281, 1936, 10736, 2944
1588636387012, 48308, 1808, 10080, 2560
1588636387037, 48335, 1296, 8816, 1248
1588636387064, 48361, 912, 8064, -96
1588636387093, 48385, -1456, 7456, -1136
1588636387120, 48413, -2640, 6768, -2112
1588636387148, 48442, -2208, 6144, -2768
1588636387175, 48470, -672, 7600, -2080
1588636387199, 48497, -496, 8192, -1424
1588636387224, 48524, 592, 8448, -960
1588636387250, 48549, 880, 7616, 528
1588636387275, 48573, 1152, 7792, 2784
1588636387301, 48599, 1232, 6720, 2400
1588636387325, 48625, 608, 5088, 1712
1588636387350, 48650, 144, 6144, 1456
1588636387375, 48675, 416, 6352, 1120
1588636387401, 48700, 896, 6320, 1216
1588636387428, 48725, 1104, 6208, 1696
1588636387451, 48751, 1136, 6896, 1856
1588636387476, 48777, 224, 7808, 672
1588636387502, 48801, -144, 8704, 448
1588636387530, 48826, -128, 9904, 1968
1588636387556, 48852, 1488, 8400, 2000
1588636387580, 48878, 1072, 10512, 1008
1588636387608, 48905, 800, 9728, -464
1588636387635, 48930, 1120, 8992, -1104
1588636387662, 48957, -208, 9008, -2512
1588636387688, 48984, -144, 9088, -2096
1588636387714, 49011, 544, 7296, -1952
1588636387741, 49037, 928, 6512, -1664
1588636387769, 49063, 1184, 6176, -1472
1588636387796, 49091, 1104, 5920, -1344
1588636387822, 49118, 1024, 6464, -1360
1588636387850, 49145, 1056, 7952, -1856
1588636387876, 49172, 1072, 8992, -2000
1588636387901, 49199, 960, 8480, -1520
1588636387926, 49225, 928, 7760, -976
1588636387949, 49250, 832, 7376, -208
1588636387974, 49275, 1056, 7472, 80
1588636388000, 49299, 1168, 7680, 416
1588636388025, 49324, 1296, 7472, 496
1588636388050, 49349, 2064, 6960, 480
1588636388076, 49374, 2368, 6944, 320
1588636388101, 49399, 1584, 7504, -512
1588636388126, 49425, 1616, 8336, -656
1588636388152, 49451, 736, 8928, -464
1588636388176, 49476, 512, 8416, -464
1588636388203, 49501, 976, 8192, -752
1588636388229, 49526, 1280, 8016, -832
1588636388253, 49552, 1040, 7088, -208
1588636388276, 49578, 752, 6688, 368
1588636388302, 49602, 736, 7184, 448
1588636388326, 49626, 1072, 7680, 224
1588636388351, 49651, 976, 8112, -32
1588636388374, 49675, 480, 8288, -176
1588636388399, 49700, 96, 7744, -160
1588636388422, 49724, -80, 7440, -32
1588636388445, 49748, 240, 7504, 48
1588636388469, 49771, 768, 7408, 128
1588636388494, 49795, 1152, 7360, 48
1588636388520, 49819, 1168, 7424, 176
1588636388544, 49844, 1056, 7504, 160
1588636388567, 49869, 880, 7792, 272
1588636388592, 49893, 896, 7760, 336
1588636388616, 49917, 736, 7952, 416
1588636388639, 49941, 576, 8176, 336
1588636388662, 49964, 544, 8304, 272
1588636388686, 49988, 480, 8192, 16
1588636388713, 50011, 416, 8016, -160
1588636388737, 50036, 368, 7568, -176
1588636388761, 50061, 400, 7232, -192
1588636388786, 50086, 768, 7584, 224
1588636388812, 50110, 1280, 7968, 592
1588636388837, 50135, 1328, 7760, 1136
1588636388865, 50161, 1344, 7664, 1328
1588636388889, 50187, 1072, 7872, 1392
1588636388915, 50213, 1104, 7936, 784
1588636388936, 50238, 1104, 7776, 288
1588636388960, 50263, 704, 7632, 16
1588636388984, 50286, 784, 7680, 32
1588636389007, 50309, 976, 7776, 192
1588636389031, 50333, 960, 7712, 480
1588636389056, 50357, 928, 7792, 768
1588636389080, 50381, 928, 7776, 880
1588636389106, 50405, 1120, 7760, 800
1588636389129, 50430, 1120, 7744, 608
1588636389154, 50455, 976, 7760, 432
1588636389177, 50479, 880, 7840, 384
1588636389202, 50503, 928, 7760, 416
1588636389225, 50527, 896, 7680, 560
1588636389250, 50551, 944, 7824, 768
1588636389275, 50575, 1024, 7792, 592
1588636389300, 50600, 1024, 7744, 512
1588636389324, 50625, 1024, 7808, 576
1588636389349, 50650, 896, 7680, 528
1588636389374, 50674, 848, 7712, 640
1588636389399, 50698, 1024, 7696, 592
1588636389422, 50723, 1056, 7776, 704
1588636389448, 50748, 976, 7664, 656
1588636389473, 50772, 1024, 7552, 480
1588636389497, 50797, 1072, 7744, 528
1588636389520, 50822, 960, 7808, 496
1588636389544, 50846, 928, 7792, 432
1588636389569, 50870, 880, 7776, 368
1588636389593, 50894, 864, 7776, 448
1588636389616, 50918, 944, 7760, 464
1588636389640, 50942, 944, 7728, 544
1588636389664, 50966, 896, 7712, 528
1588636389688, 50989, 976, 7664, 576
1588636389712, 51013, 976, 7808, 560
1588636389737, 51037, 992, 7728, 608
1588636389762, 51061, 1024, 7760, 528
1588636389786, 51086, 1008, 7776, 496
1588636389810, 51111, 912, 7760, 496
1588636389835, 51135, 912, 7696, 720
1588636389860, 51159, 1024, 7792, 608
1588636389884, 51184, 1040, 7776, 464
1588636389908, 51209, 880, 7760, 608
1588636389933, 51233, 976, 7728, 528
1588636389957, 51257, 1056, 7712, 624
1588636389982, 51282, 1008, 7696, 608
1588636390005, 51307, 960, 7776, 528
1588636390030, 51331, 880, 7728, 640
1588636390053, 51355, 976, 7792, 576
1588636390078, 51379, 976, 7776, 576
1588636390102, 51403, 928, 7776, 528
1588636390126, 51427, 992, 7712, 560
1588636390150, 51451, 992, 7680, 512
1588636390174, 51475, 976, 7760, 560
1588636390198, 51499, 1040, 7776, 560
1588636390222, 51524, 976, 7744, 464
1588636390246, 51548, 992, 7760, 480
1588636390270, 51572, 992, 7744, 576
1588636390294, 51596, 944, 7728, 528
1588636390318, 51620, 912, 7808, 416
1588636390344, 51644, 992, 7744, 544
1588636390368, 51668, 1024, 7744, 512
1588636390391, 51693, 976, 7792, 448
1588636390415, 51717, 944, 7712, 496
1588636390439, 51741, 976, 7776, 496
1588636390464, 51764, 944, 7776, 512
1588636390486, 51788, 976, 7744, 496
1588636390510, 51812, 928, 7760, 512
1588636390534, 51836, 896, 7760, 448
1588636390561, 51860, 944, 7760, 544
1588636390584, 51884, 1008, 7680, 544
1588636390608, 51909, 928, 7680, 576
1588636390632, 51933, 944, 7728, 592
1588636390656, 51957, 992, 7744, 576
1588636390679, 51981, 928, 7728, 656
1588636390704, 52005, 976, 7728, 448
1588636390728, 52029, 976, 7760, 560
1588636390752, 52053, 992, 7776, 560
1588636390775, 52077, 992, 7776, 560
1588636390800, 52101, 896, 7712, 560
1588636390824, 52125, 912, 7680, 432
1588636390848, 52149, 848, 7712, 576
1588636390872, 52173, 976, 7808, 512
1588636390897, 52197, 960, 7824, 480
1588636390921, 52221, 1040, 7824, 416
1588636390944, 52246, 896, 7824, 448
1588636390968, 52270, 736, 7776, 432
1588636390992, 52294, 864, 7776, 544
1588636391017, 52318, 832, 7744, 480
1588636391041, 52342, 784, 7776, 560
1588636391064, 52366, 784, 7856, 512
1588636391087, 52389, 688, 7872, 544
1588636391113, 52413, 672, 7872, 512
1588636391136, 52437, 800, 7680, 384
1588636391160, 52461, 736, 7520, 288
1588636391184, 52485, 640, 7488, 304
1588636391208, 52509, 576, 7696, 448
1588636391232, 52533, 528, 7680, 400
1588636391255, 52557, 480, 7680, 272
1588636391279, 52581, 496, 7936, 336
1588636391304, 52605, 528, 7936, 336
1588636391327, 52629, 448, 7824, 336
1588636391352, 52653, 432, 7712, 288
1588636391376, 52677, 496, 7680, 544
1588636391399, 52701, 560, 7616, 112
1588636391425, 52725, 496, 7472, 128
1588636391451, 52749, 1168, 7552, -112
1588636391477, 52775, 1456, 7952, -256
1588636391504, 52801, 1408, 8480, -480
1588636391527, 52827, 1024, 8608, -128
1588636391551, 52853, 832, 8224, 400
1588636391577, 52877, 816, 7616, 448
1588636391600, 52901, 1216, 7712, 240
1588636391622, 52926, 976, 7920, 16
1588636391647, 52949, 720, 7664, 16
1588636391672, 52972, 720, 7488, -240
1588636391698, 52997, 752, 7600, -288
1588636391722, 53022, 880, 7680, -368
1588636391749, 53047, 816, 7648, -496
1588636391774, 53072, 1792, 7712, -560
1588636391801, 53098, 1984, 7968, -672
1588636391826, 53124, 1920, 7600, -352
1588636391851, 53150, 1360, 7584, -272
1588636391874, 53176, 976, 7984, -48
1588636391898, 53200, 448, 8272, 192
1588636391923, 53224, -64, 8016, 352
1588636391948, 53248, -576, 7664, 432
1588636391972, 53273, -464, 7392, 272
1588636391997, 53298, -32, 7504, -48
1588636392023, 53322, 192, 7840, -176
1588636392045, 53347, 240, 7920, -256
1588636392069, 53372, 80, 7888, -80
1588636392094, 53395, -64, 7904, 176
1588636392120, 53419, -208, 7856, 368
1588636392143, 53444, -160, 7680, 464
1588636392168, 53469, -64, 7696, 272
1588636392191, 53493, -80, 7936, 112
1588636392215, 53517, -32, 8080, 192
1588636392238, 53541, -16, 8000, 144
1588636392262, 53564, 32, 7984, 256
1588636392287, 53587, -48, 7920, 288
1588636392312, 53611, -336, 8000, 288
1588636392337, 53636, -656, 7936, 400
1588636392362, 53661, -512, 7936, 272
1588636392385, 53686, -320, 7856, 144
1588636392411, 53711, -112, 7840, 32
1588636392435, 53735, -160, 7888, 224
1588636392459, 53760, 320, 7888, 480
1588636392483, 53784, 320, 7776, 400
1588636392508, 53808, -48, 7648, 416
1588636392531, 53832, -80, 7680, 464
1588636392554, 53856, -16, 7888, 464
1588636392580, 53880, -64, 7904, 416
1588636392601, 53904, -112, 7904, 464
1588636392626, 53929, 0, 7840, 576
1588636392649, 53951, -32, 7808, 544
1588636392674, 53975, -64, 7760, 512
1588636392698, 53999, -48, 7728, 416
1588636392722, 54023, -112, 7632, 352
1588636392746, 54048, -32, 7600, 416
1588636392770, 54072, 144, 7664, 448
1588636392794, 54096, 288, 7760, 608
1588636392817, 54120, 336, 7904, 752
1588636392841, 54144, 16, 7968, 704
1588636392865, 54167, -96, 7936, 720
1588636392889, 54191, -48, 7792, 464
1588636392912, 54214, 176, 7776, 496
1588636392937, 54238, 288, 8016, 352
1588636392962, 54262, 256, 8000, 416
1588636392986, 54286, 1072, 7712, 400
1588636393010, 54311, 1360, 7632, 400
1588636393035, 54336, 640, 7824, 592
1588636393059, 54360, 384, 7920, 528
1588636393084, 54384, -704, 7824, 336
1588636393107, 54409, -560, 7856, 176
1588636393132, 54434, 144, 7664, 80
1588636393156, 54457, 272, 7440, 144
1588636393182, 54481, 1296, 7600, 336
1588636393207, 54506, 1024, 7936, 640
1588636393231, 54531, 1056, 7792, 688
1588636393255, 54556, 1088, 7632, 464
1588636393280, 54581, 864, 7696, 304
1588636393304, 54605, 816, 7728, 144
1588636393328, 54629, 528, 7728, 160
1588636393353, 54653, 864, 7920, 144
1588636393378, 54677, 1312, 8064, 368
1588636393403, 54702, 1472, 8128, 368
1588636393428, 54727, 1184, 7856, 512
1588636393452, 54752, 1184, 7600, 400
1588636393477, 54777, 1344, 7872, 352
1588636393503, 54802, 1360, 8000, 432
1588636393527, 54827, 1360, 7856, 272
1588636393552, 54852, 1120, 7680, 304
1588636393575, 54877, 864, 7696, 256
1588636393601, 54901, 784, 7696, 304
1588636393625, 54925, 1008, 7712, 416
1588636393651, 54950, 1280, 7632, 448
1588636393675, 54975, 1488, 7584, 464
1588636393700, 55000, 1424, 7552, 400
1588636393725, 55025, 1328, 7616, 464
1588636393751, 55050, 1328, 7568, 304
1588636393775, 55075, 1744, 7504, 192
1588636393799, 55100, 1808, 7888, 160
1588636393823, 55125, 1552, 8080, 48
1588636393847, 55149, 832, 8208, -48
1588636393870, 55173, 48, 8032, -16
1588636393895, 55196, -496, 7552, 96
1588636393919, 55220, -544, 7344, 32
1588636393944, 55244, -208, 7488, -96
1588636393969, 55269, 304, 7872, -304
1588636393994, 55294, 608, 7824, -496
1588636394019, 55319, 560, 7744, -432
1588636394044, 55344, 512, 8048, -128
1588636394068, 55369, 608, 7920, 304
1588636394091, 55393, 656, 7904, 544
1588636394116, 55417, 608, 8032, 512
1588636394139, 55441, 736, 8128, 416
1588636394161, 55464, 112, 8128, 320
1588636394185, 55488, 0, 7792, 320
1588636394208, 55510, -64, 7632, 176
1588636394231, 55534, 128, 7712, 96
1588636394256, 55557, 288, 7728, 368
1588636394280, 55581, 320, 7584, 400
1588636394304, 55605, 656, 7760, 656
1588636394328, 55629, 736, 7728, 896
1588636394351, 55653, 608, 7824, 784
1588636394376, 55677, 352, 7776, 592
1588636394399, 55701, 432, 8048, 544
1588636394423, 55725, 208, 7920, 720
1588636394448, 55749, 464, 7744, 992
1588636394473, 55773, 400, 7792, 1104
1588636394497, 55798, 528, 7776, 848
1588636394521, 55822, 528, 7664, 784
1588636394543, 55846, 448, 7984, 320
1588636394568, 55870, 336, 8064, 64
1588636394591, 55893, 496, 7824, -96
1588636394615, 55917, 272, 7680, 320
1588636394639, 55941, 112, 7584, 720
1588636394661, 55964, 80, 7648, 880
1588636394686, 55987, 16, 7728, 880
1588636394709, 56010, 512, 7632, 656
1588636394733, 56034, 736, 7664, 448
1588636394756, 56058, 784, 7680, 320
1588636394780, 56082, 816, 7680, 160
1588636394804, 56106, 752, 7664, 352
1588636394829, 56130, 800, 7616, 384
1588636394852, 56154, 976, 7728, 400
1588636394876, 56178, 976, 7776, 320
1588636394901, 56202, 912, 7872, 448
1588636394926, 56226, 1008, 7968, 608
1588636394950, 56251, 928, 7792, 816
1588636394976, 56275, 1712, 7984, 960
1588636395000, 56300, 1696, 8176, 912
1588636395024, 56325, 944, 8016, 912
1588636395047, 56349, 576, 7552, 784
1588636395072, 56373, 496, 7392, 704
1588636395098, 56397, 1008, 7600, 576
1588636395122, 56422, 1328, 7936, 752
1588636395147, 56447, 1360, 8064, 752
1588636395173, 56472, 1296, 8064, 608
1588636395196, 56497, 1056, 8480, 352
1588636395221, 56522, 560, 8176, 240
1588636395243, 56546, 144, 7120, 176
1588636395265, 56570, -32, 6768, 80
1588636395288, 56593, 80, 7296, 96
1588636395312, 56614, 224, 7824, 64
1588636395335, 56637, 480, 7984, 400
1588636395360, 56661, 624, 7840, 544
1588636395384, 56685, 672, 7792, 880
1588636395407, 56709, 688, 7680, 864
1588636395431, 56733, 800, 7664, 912
1588636395456, 56757, 480, 7680, 976
1588636395479, 56781, 352, 7632, 848
1588636395503, 56805, 256, 7568, 864
1588636395528, 56829, 304, 7760, 608
1588636395552, 56853, 448, 7776, 512
1588636395576, 56877, 704, 7744, 448
1588636395599, 56901, 880, 7792, 464
1588636395624, 56925, 928, 7856, 480
1588636395647, 56949, 880, 7888, 592
1588636395672, 56973, 848, 7856, 608
1588636395695, 56997, 640, 7856, 512
1588636395719, 57021, 368, 7920, 496
1588636395743, 57045, 368, 7872, 448
1588636395767, 57069, 384, 7840, 608
1588636395791, 57093, 752, 7840, 784
1588636395816, 57117, 816, 7680, 800
1588636395839, 57141, 752, 7648, 944
1588636395863, 57164, 624, 7728, 624
1588636395887, 57188, 544, 7856, 576
1588636395911, 57212, 576, 7664, 432
1588636395935, 57236, 656, 7712, 448
1588636395959, 57260, 624, 7712, 416
1588636395983, 57284, 544, 7792, 448
1588636396007, 57308, 528, 7840, 560
1588636396031, 57332, 496, 7760, 640
1588636396055, 57356, 512, 7792, 624
1588636396079, 57380, 624, 7728, 624
1588636396102, 57404, 512, 7760, 528
1588636396127, 57428, 576, 7792, 608
1588636396150, 57452, 592, 7840, 544
1588636396175, 57476, 480, 7808, 496
1588636396198, 57500, 688, 7792, 512
1588636396222, 57524, 624, 7840, 496
1588636396247, 57548, 528, 7808, 368
1588636396270, 57572, 608, 7792, 464
1588636396294, 57596, 544, 7792, 448
1588636396319, 57620, 544, 7840, 496
1588636396342, 57644, 608, 7792, 480
1588636396366, 57668, 720, 7760, 512
1588636396390, 57692, 592, 7744, 480
1588636396413, 57716, 608, 7776, 432
1588636396438, 57739, 672, 7888, 352
1588636396461, 57763, 768, 7760, 416
1588636396486, 57787, 688, 7792, 384
1588636396510, 57811, 688, 7792, 320
1588636396534, 57835, 544, 7792, 336
1588636396558, 57859, 608, 7840, 352
1588636396581, 57883, 624, 7808, 352
1588636396605, 57907, 672, 7872, 384
1588636396629, 57931, 656, 7856, 400
1588636396653, 57955, 752, 7840, 496
1588636396678, 57979, 608, 7808, 416
1588636396702, 58003, 592, 7808, 352
1588636396725, 58027, 560, 7840, 320
1588636396749, 58051, 608, 7808, 336
1588636396774, 58075, 672, 7808, 192
1588636396797, 58099, 640, 7808, 368
1588636396821, 58123, 640, 7808, 384
1588636396845, 58147, 640, 7856, 400
1588636396870, 58171, 672, 7792, 448
1588636396893, 58195, 608, 7680, 320
1588636396918, 58219, 512, 7744, 384
1588636396941, 58243, 656, 7808, 384
1588636396965, 58267, 640, 7840, 416
1588636396988, 58290, 576, 7824, 448
1588636397013, 58314, 592, 7856, 432
1588636397036, 58338, 656, 7856, 448
1588636397060, 58362, 704, 7824, 352
1588636397085, 58386, 672, 7792, 416
1588636397109, 58410, 752, 7760, 448
1588636397133, 58434, 688, 7792, 416
1588636397157, 58458, 576, 7760, 512
1588636397182, 58482, 704, 7840, 464
1588636397204, 58506, 624, 7824, 448
1588636397229, 58530, 624, 7792, 464
1588636397252, 58554, 672, 7776, 496
1588636397277, 58578, 608, 7776, 496
1588636397301, 58602, 608, 7744, 640
1588636397324, 58626, 624, 7792, 544
1588636397349, 58650, 624, 7824, 512
1588636397373, 58674, 576, 7808, 416
1588636397397, 58698, 640, 7824, 480
1588636397421, 58722, 592, 7808, 400
1588636397444, 58746, 592, 7840, 512
1588636397468, 58770, 656, 7744, 432
1588636397492, 58794, 592, 7792, 448
1588636397516, 58818, 624, 7792, 336
1588636397540, 58842, 672, 7776, 512
1588636397564, 58865, 832, 7792, 448
1588636397588, 58889, 624, 7824, 576
1588636397611, 58913, 640, 7824, 448
1588636397636, 58937, 688, 7728, 464
1588636397660, 58961, 624, 7808, 432
1588636397683, 58985, 624, 7872, 464
1588636397708, 59009, 624, 7840, 464
1588636397733, 59033, 656, 7760, 448
1588636397755, 59057, 576, 7824, 448
1588636397780, 59081, 576, 7872, 480
1588636397804, 59105, 544, 7776, 432
1588636397827, 59129, 608, 7808, 416
1588636397852, 59153, 672, 7824, 464
1588636397875, 59177, 608, 7744, 432
1588636397900, 59201, 560, 7808, 448
1588636397923, 59225, 608, 7776, 528
1588636397948, 59249, 672, 7872, 320
1588636397972, 59273, 656, 7792, 512
1588636397995, 59297, 592, 7776, 496
1588636398020, 59321, 624, 7760, 464
1588636398043, 59345, 560, 7808, 576
1588636398068, 59369, 624, 7776, 464
1588636398091, 59393, 624, 7760, 576
1588636398115, 59417, 640, 7808, 512
1588636398139, 59440, 608, 7808, 528
1588636398164, 59464, 640, 7824, 496
1588636398187, 59488, 688, 7792, 496
1588636398211, 59512, 640, 7824, 512
1588636398235, 59536, 656, 7808, 624
1588636398259, 59560, 688, 7808, 432
1588636398283, 59584, 784, 7808, 432
1588636398307, 59608, 832, 7776, 432
1588636398331, 59632, 816, 7856, 480
1588636398354, 59656, 752, 7840, 400
1588636398380, 59680, 800, 7680, 512
1588636398402, 59704, 720, 7648, 448
1588636398426, 59728, 576, 7680, 544
1588636398451, 59752, 656, 7808, 416
1588636398475, 59776, 912, 7744, 592
1588636398500, 59800, 928, 7584, 592
1588636398524, 59824, 1040, 7680, 624
1588636398547, 59849, 928, 7696, 624
1588636398572, 59873, 992, 7664, 688
1588636398597, 59897, 1200, 7680, 704
1588636398622, 59922, 1312, 7728, 832
1588636398646, 59947, 1216, 7744, 912
1588636398670, 59972, 960, 7808, 912
1588636398696, 59996, 960, 7728, 864
1588636398721, 60020, 1072, 7616, 592
1588636398745, 60045, 1216, 7712, 528
1588636398770, 60070, 1040, 7744, 464
1588636398793, 60095, 528, 7712, 416
1588636398818, 60119, 592, 7472, 416
1588636398843, 60143, -320, 6928, 160
1588636398868, 60168, -240, 6480, 112
1588636398895, 60193, -208, 6816, 448
1588636398920, 60218, -208, 10144, 3760
1588636398946, 60245, 800, 9840, 2672
1588636398972, 60270, 1232, 8032, 1744
1588636398999, 60296, 1280, 9056, 1856
1588636399024, 60322, 1312, 7808, 1264
1588636399049, 60348, -400, 6432, 864
1588636399075, 60373, -1024, 5776, 288
1588636399100, 60399, -928, 6096, 336
1588636399125, 60424, -864, 6160, 928
1588636399151, 60449, -96, 6208, 1296
1588636399177, 60474, -384, 6768, 1328
1588636399203, 60500, -480, 6976, 1072
1588636399226, 60526, -160, 8336, 1312
1588636399250, 60552, 80, 9312, 1232
1588636399275, 60576, 80, 9072, 1328
1588636399297, 60600, 32, 8848, 1456
1588636399323, 60624, 0, 8368, 1760
1588636399347, 60647, 288, 8288, 1744
1588636399374, 60672, 592, 8144, 2240
1588636399401, 60697, -1472, 9248, 1824
1588636399427, 60724, -1568, 10752, 672
1588636399454, 60751, -48, 8528, -352
1588636399483, 60776, -816, 8144, -1120
1588636399510, 60803, -2560, 8656, -1280
1588636399539, 60831, -2384, 7552, -1744
1588636399565, 60859, -1936, 7312, -2288
1588636399591, 60887, -736, 7552, -2896
1588636399619, 60914, 512, 7584, -2736
1588636399646, 60940, 1072, 7520, -2528
1588636399672, 60968, 1952, 8048, -2256
1588636399698, 60995, 2400, 7872, -1904
1588636399723, 61022, 2064, 7632, -608
1588636399746, 61048, 992, 6992, 256
1588636399772, 61072, 192, 6400, 960
1588636399797, 61096, -176, 6384, 1456
1588636399824, 61122, -80, 6096, 1440
1588636399848, 61147, -112, 6000, 1584
1588636399874, 61173, 960, 6416, 1648
1588636399901, 61198, 1136, 6688, 1600
1588636399927, 61224, 1200, 6448, 1680
1588636399952, 61250, 1248, 6272, 1584
1588636399979, 61276, 1424, 6864, 1664
1588636400005, 61302, 1456, 7968, 1552
1588636400031, 61328, 1856, 8768, 1488
1588636400056, 61354, 1952, 9472, 1392
1588636400083, 61380, 3376, 9904, 1280
1588636400110, 61406, 2848, 12080, 1440
1588636400135, 61433, 416, 10448, 1376
1588636400162, 61459, -560, 7488, 480
1588636400189, 61484, -1120, 6960, -128
1588636400218, 61511, -1952, 7184, -720
1588636400245, 61538, -2432, 7840, -1648
1588636400274, 61567, -1936, 8656, -2320
1588636400301, 61595, -1136, 8688, -1824
1588636400325, 61623, -1056, 7632, -624
1588636400351, 61650, 320, 7088, 1168
1588636400378, 61675, 1792, 6944, 2560
1588636400404, 61701, 1552, 3904, 1424
1588636400427, 61727, 1248, 4096, 1520
1588636400453, 61753, 528, 4800, 928
1588636400479, 61777, -640, 5456, 688
1588636400506, 61802, -1136, 6320, 1184
1588636400529, 61829, -576, 6992, 1728
1588636400552, 61855, 0, 8240, 1920
1588636400578, 61878, 32, 9472, 704
1588636400603, 61901, 656, 13184, 3296
1588636400629, 61927, 1312, 9712, 3344
1588636400655, 61953, 528, 8928, 4096
1588636400680, 61978, 240, 11632, 2432
1588636400708, 62004, -576, 8576, -432
1588636400735, 62030, -544, 7712, -1456
1588636400763, 62057, -1856, 8768, -3840
1588636400789, 62085, -704, 8160, -3968
1588636400815, 62112, 704, 6832, -3552
1588636400841, 62138, 976, 7008, -3136
1588636400868, 62164, 784, 8352, -2928
1588636400892, 62190, 880, 8768, -1936
1588636400913, 62217, 96, 8048, -208
1588636400939, 62240, 16, 6576, 992
1588636400964, 62263, -16, 5392, 1728
1588636400989, 62288, 208, 5008, 2784
1588636401015, 62313, 960, 4944, 3104
1588636401041, 62338, 1616, 5024, 2496
1588636401067, 62364, 1696, 5648, 2080
1588636401094, 62390, 1872, 6288, 1872
1588636401119, 62417, 2240, 6352, 2256
1588636401146, 62443, 2064, 6288, 2496
1588636401172, 62469, 1600, 6960, 2816
1588636401197, 62495, 1040, 8032, 2944
1588636401222, 62521, 896, 8528, 3056
1588636401248, 62546, 2224, 8736, 3232
1588636401276, 62572, 4384, 8208, 2992
1588636401303, 62598, 4432, 10656, 3424
1588636401329, 62625, 1808, 12400, 3392
1588636401355, 62652, -336, 9056, 1168
1588636401382, 62678, -928, 7696, -176
1588636401411, 62704, -1344, 6752, -1232
1588636401440, 62732, -1968, 6688, -2256
1588636401467, 62760, -1712, 7728, -3200
1588636401493, 62788, -1008, 7984, -2288
1588636401517, 62817, -96, 7632, -1072
1588636401543, 62843, 832, 7200, 288
1588636401569, 62867, 1008, 7696, 3520
1588636401595, 62893, 1504, 4336, 1920
1588636401620, 62919, 1024, 3056, 1680
1588636401645, 62945, 816, 4352, 1328
1588636401670, 62970, -48, 5328, 1056
1588636401695, 62995, -160, 6288, 976
1588636401719, 63020, -112, 7920, 928
1588636401742, 63045, 16, 9760, 1792
1588636401769, 63069, 96, 9264, 896
1588636401796, 63092, 1056, 10384, 2288
1588636401821, 63119, 2048, 9456, 3424
1588636401849, 63145, 1856, 6720, 3104
1588636401875, 63171, -592, 10784, 3568
1588636401903, 63198, -1008, 11280, 848
1588636401930, 63225, -816, 7792, -1584
1588636401959, 63252, -1568, 8144, -3520
1588636401985, 63280, -1056, 8528, -4480
1588636402012, 63308, 608, 7792, -4032
1588636402040, 63334, 1504, 7968, -3344
1588636402066, 63361, 1408, 8000, -2480
1588636402090, 63388, 1232, 7808, -1264
1588636402116, 63415, 144, 7136, 384
1588636402143, 63439, -288, 6160, 1328
1588636402169, 63465, -496, 5568, 1984
1588636402193, 63492, -160, 4944, 2592
1588636402220, 63518, 800, 4736, 2048
1588636402245, 63543, 1264, 5104, 1568
1588636402271, 63569, 1616, 5920, 1680
1588636402298, 63595, 1872, 6608, 1600
1588636402323, 63621, 1840, 7328, 1872
1588636402349, 63647, 1440, 8016, 2400
1588636402375, 63673, 1392, 8624, 2944
1588636402401, 63699, 1888, 9040, 3616
1588636402428, 63725, 3648, 9104, 3712
1588636402454, 63751, 4288, 9152, 2592
1588636402482, 63777, 1536, 11200, 2784
1588636402507, 63804, 1232, 10096, 1728
1588636402533, 63831, -800, 7776, -80
1588636402562, 63856, -848, 7520, -1040
1588636402590, 63883, -1744, 7360, -1936
1588636402618, 63911, -2064, 7728, -2768
1588636402646, 63939, -1248, 7984, -2432
1588636402671, 63968, -576, 7632, -1440
1588636402695, 63995, -432, 6928, -448
1588636402721, 64021, 336, 6352, 832
1588636402748, 64045, 1696, 6576, 2944
1588636402774, 64071, 1008, 4272, 1344
1588636402798, 64097, 1168, 4080, 1360
1588636402823, 64123, 624, 5952, 1248
1588636402848, 64148, 720, 6560, 1440
1588636402874, 64173, 544, 7280, 1856
1588636402898, 64198, 992, 8032, 1600
1588636402926, 64223, 1168, 8592, 272
1588636402953, 64248, 1200, 13248, 4624
1588636402980, 64275, -384, 10144, 4096
1588636403007, 64302, -3264, 10496, 960
1588636403032, 64329, -1728, 9072, -288
1588636403059, 64356, 208, 7472, -2016
1588636403085, 64382, -656, 7952, -3840
1588636403111, 64409, 64, 8384, -4784
1588636403138, 64434, 992, 7808, -4608
1588636403164, 64460, 1072, 7760, -3856
1588636403190, 64487, 592, 8080, -3072
1588636403213, 64513, 480, 8592, -1600
1588636403236, 64539, 160, 8128, 48
1588636403261, 64562, 208, 6768, 976
1588636403287, 64586, 448, 5440, 1760
1588636403311, 64611, 528, 5056, 2336
1588636403337, 64636, 832, 5120, 2336
1588636403361, 64661, 848, 4976, 1792
1588636403388, 64686, 992, 5200, 1616
1588636403414, 64711, 1296, 5808, 1920
1588636403440, 64737, 1408, 6304, 2288
1588636403467, 64763, 1696, 7040, 2560
1588636403492, 64789, 1104, 8000, 2688
1588636403519, 64815, 1184, 9008, 2416
1588636403545, 64842, 2288, 8992, 2336
1588636403572, 64868, 4560, 8784, 2192
1588636403598, 64894, 4368, 11408, 2672
1588636403625, 64921, 1312, 11184, 2720
1588636403651, 64948, -176, 8768, 1312
1588636403679, 64974, -1184, 8224, 224
1588636403706, 65000, -1648, 7712, -736
1588636403733, 65027, -1696, 6944, -1472
1588636403762, 65055, -2160, 7344, -2144
1588636403788, 65083, -1664, 8208, -2208
1588636403812, 65111, -864, 7712, -976
1588636403837, 65137, 176, 6864, 224
1588636403864, 65161, 1264, 7024, 2288
1588636403890, 65187, 1312, 4976, 1264
1588636403915, 65213, 1488, 4160, 1760
1588636403938, 65239, 752, 5088, 1280
1588636403963, 65264, 80, 5424, 720
1588636403989, 65287, -464, 5888, 848
1588636404011, 65312, -448, 6848, 1312
1588636404037, 65338, 0, 7344, 1456
1588636404062, 65361, 688, 8736, 1424
1588636404089, 65386, 960, 10496, 1648
1588636404114, 65412, 912, 11728, 3280
1588636404142, 65438, 960, 8624, 3440
1588636404168, 65463, -1872, 11072, 2064
1588636404194, 65492, -2272, 9984, 48
1588636404222, 65517, -224, 8304, -1200
1588636404250, 65544, -928, 7424, -3376
1588636404276, 65571, -1440, 8032, -4224
1588636404301, 65599, -16, 7264, -3568
1588636404327, 65625, 576, 7296, -3104
1588636404354, 65651, 608, 8016, -2656
1588636404381, 65677, 1904, 8320, -1920
1588636404405, 65704, 1808, 8432, -480
1588636404430, 65730, 880, 6896, 896
1588636404455, 65754, 224, 5744, 1504
1588636404478, 65779, 112, 5312, 2080
1588636404503, 65804, 96, 5648, 2224
1588636404529, 65828, 144, 5552, 1872
1588636404554, 65853, 416, 5552, 1552
1588636404579, 65878, 496, 6128, 1488
1588636404606, 65903, 1360, 6336, 1648
1588636404632, 65929, 2112, 6528, 1856
1588636404658, 65955, 2192, 6896, 2272
1588636404684, 65981, 1424, 7968, 2496
1588636404709, 66007, 1152, 8944, 2448
1588636404736, 66033, 1392, 9424, 2528
1588636404763, 66059, 2880, 8544, 2064
1588636404790, 66085, 3104, 10448, 2720
1588636404815, 66112, 1328, 10992, 2576
1588636404840, 66139, 128, 8368, 1088
1588636404866, 66164, -592, 8208, 48
1588636404894, 66188, -1232, 8048, -800
1588636404922, 66215, -2192, 7280, -1792
1588636404951, 66244, -2448, 7680, -2288
1588636404976, 66272, -1568, 8048, -1824
1588636405000, 66300, -640, 7680, -976
1588636405024, 66326, 0, 7088, -336
1588636405049, 66349, 656, 6336, 288
1588636405075, 66373, 1088, 5808, 1392
1588636405100, 66399, 1152, 5472, 1952
1588636405126, 66425, 512, 4608, 1376
1588636405152, 66450, 448, 5024, 1152
1588636405175, 66475, 240, 5984, 1296
1588636405201, 66500, 160, 6944, 1728
1588636405225, 66525, 112, 7504, 1312
1588636405249, 66550, 96, 8672, 1072
1588636405276, 66574, 528, 9952, 1280
1588636405300, 66599, 640, 11792, 3216
1588636405326, 66625, 960, 7344, 2560
1588636405354, 66650, -272, 9904, 34