1588635533848, 9580, 2464, -4528, -6240
1588635533875, 9607, 2448, -4496, -6128
1588635533902, 9634, 2560, -4272, -5856
1588635533930, 9661, 2768, -4304, -5712
1588635533956, 9689, 2512, -4496, -5056
1588635533985, 9716, 2528, -4000, -6352
1588635534010, 9743, 2176, -4160, -6160
1588635534039, 9770, 2256, -3888, -5392
1588635534065, 9797, 2368, -4096, -4768
1588635534092, 9824, 1248, -3488, -4576
1588635534120, 9851, 1424, -5152, -4688
1588635534146, 9878, 1536, -5776, -4688
1588635534174, 9905, 1232, -5408, -3936
1588635534200, 9932, 704, -5824, -4144
1588635534229, 9958, 336, -6512, -4560
1588635534253, 9984, -144, -5824, -4336
1588635534281, 10011, -192, -6448, -4544
1588635534308, 10040, -800, -7120, -5008
1588635534337, 10068, -1392, -9552, -5088
1588635534367, 10097, -1696, -9504, -4688
1588635534397, 10126, -1840, -9968, -4688
1588635534426, 10155, -1392, -9424, -4336
1588635534453, 10184, -976, -8320, -3376
1588635534482, 10212, -960, -8032, -2880
1588635534510, 10241, -736, -7552, -2560
1588635534538, 10269, -736, -7312, -2496
1588635534567, 10297, -1056, -6848, -2416
1588635534596, 10326, -1168, -6480, -2176
1588635534626, 10355, -1440, -6560, -2048
1588635534654, 10384, -1600, -6944, -1888
1588635534684, 10414, -1792, -6160, -1472
1588635534713, 10443, -1952, -4896, -1152
1588635534741, 10472, -2320, -4192, -848
1588635534770, 10500, -2976, -4192, -608
1588635534798, 10528, -3536, -4416, -352
1588635534825, 10556, -4160, -4352, -432
1588635534854, 10584, -5008, -3792, -560
1588635534882, 10612, -5232, -3536, -496
1588635534909, 10641, -8128, -4080, -256
1588635534938, 10669, -10336, -4736, 224
1588635534966, 10697, -11152, -6496, 480
1588635534992, 10725, -10880, -8000, 0
1588635535020, 10751, -9728, -8064, 256
1588635535046, 10778, -7856, -5888, 576
1588635535074, 10805, -7744, -2528, 288
1588635535099, 10832, -8560, -1504, 64
1588635535128, 10858, -8592, -2240, -176
1588635535155, 10886, -7472, -2896, 592
1588635535183, 10914, -7040, -3248, 416
1588635535208, 10941, -6448, -3488, 544
1588635535236, 10968, -6096, -4176, 576
1588635535264, 10995, -6208, -4544, 336
1588635535290, 11022, -6304, -4688, 352
1588635535317, 11049, -6464, -4448, 368
1588635535344, 11076, -6672, -4256, 336
1588635535371, 11103, -7056, -4192, 352
1588635535398, 11130, -7632, -4128, 480
1588635535425, 11157, -7760, -3968, 448
1588635535453, 11184, -7632, -3648, 416
1588635535480, 11211, -7568, -3344, 528
1588635535506, 11239, -7584, -3248, 464
1588635535533, 11266, -7408, -3536, 400
1588635535562, 11293, -7280, -3584, 304
1588635535588, 11320, -7232, -3536, 352
1588635535615, 11347, -7088, -3648, 256
1588635535643, 11374, -6992, -3520, 112
1588635535670, 11401, -6720, -3568, 544
1588635535696, 11428, -6976, -3664, 368
1588635535723, 11455, -6976, -3600, 480
1588635535750, 11482, -6928, -3520, 320
1588635535779, 11509, -6864, -3440, 432
1588635535804, 11536, -6896, -3408, 272
1588635535833, 11564, -6960, -3440, 320
1588635535858, 11591, -6960, -3472, 352
1588635535885, 11618, -6928, -3520, 384
1588635535913, 11645, -7008, -3568, 400
1588635535940, 11672, -6976, -3616, 400
1588635535967, 11699, -6912, -3696, 448
1588635535994, 11726, -6800, -3728, 400
1588635536021, 11753, -6992, -3872, 464
1588635536049, 11780, -7136, -3872, 512
1588635536076, 11807, -7200, -3920, 528
1588635536103, 11834, -7216, -3856, 560
1588635536130, 11861, -7232, -3856, 576
1588635536157, 11889, -7184, -3808, 432
1588635536184, 11916, -7184, -3872, 480
1588635536211, 11943, -7104, -3984, 544
1588635536239, 11970, -7312, -3952, 448
1588635536265, 11997, -7168, -3824, 688
1588635536292, 12024, -7184, -3680, 496
1588635536319, 12051, -7072, -3664, 432
1588635536347, 12078, -7104, -3568, 416
1588635536373, 12105, -7104, -3600, 464
1588635536401, 12132, -6976, -3568, 496
1588635536428, 12159, -7040, -3552, 512
1588635536454, 12186, -7168, -3456, 480
1588635536482, 12214, -7184, -3504, 448
1588635536509, 12241, -7104, -3584, 480
1588635536538, 12268, -7056, -3568, 528
1588635536564, 12295, -7120, -3600, 512
1588635536590, 12322, -7168, -3616, 576
1588635536617, 12349, -7152, -3696, 512
1588635536644, 12376, -7152, -3680, 544
1588635536672, 12403, -7104, -3600, 544
1588635536698, 12430, -7136, -3648, 512
1588635536725, 12457, -7120, -3680, 544
1588635536753, 12484, -7072, -3712, 512
1588635536779, 12511, -7120, -3728, 480
1588635536806, 12539, -7104, -3712, 496
1588635536833, 12566, -7120, -3664, 416
1588635536860, 12593, -7136, -3632, 480
1588635536888, 12620, -7232, -3664, 432
1588635536915, 12647, -7264, -3648, 496
1588635536942, 12674, -7152, -3760, 496
1588635536970, 12701, -7168, -3648, 608
1588635536997, 12728, -7280, -3568, 672
1588635537024, 12755, -7312, -3488, 736
1588635537050, 12782, -7168, -3488, 800
1588635537077, 12809, -7184, -3392, 832
1588635537105, 12836, -7152, -3600, 752
1588635537132, 12864, -6944, -3680, 752
1588635537159, 12891, -6848, -3504, 656
1588635537185, 12918, -6624, -3472, 592
1588635537213, 12945, -6624, -3584, 480
1588635537241, 12972, -6656, -3696, 448
1588635537267, 12999, -6672, -3696, 384
1588635537294, 13026, -6656, -3760, 496
1588635537321, 13053, -6640, -3696, 480
1588635537349, 13080, -6688, -3616, 416
1588635537376, 13107, -6528, -3632, 368
1588635537403, 13134, -6256, -3632, 464
1588635537430, 13161, -5712, -3680, 368
1588635537457, 13189, -5680, -3664, 288
1588635537483, 13216, -7216, -4064, 384
1588635537511, 13243, -8176, -4592, 432
1588635537538, 13270, -8944, -4416, 320
1588635537565, 13297, -8736, -4464, 272
1588635537592, 13324, -7856, -4240, 352
1588635537620, 13351, -6944, -3904, 304
1588635537647, 13378, -6608, -3568, 352
1588635537674, 13405, -6560, -3888, 464
1588635537700, 13432, -6848, -4144, 528
1588635537728, 13459, -6992, -3936, 464
1588635537755, 13486, -7088, -3712, 544
1588635537781, 13514, -7312, -3376, 544
1588635537809, 13541, -7632, -3200, 352
1588635537835, 13568, -7536, -3104, 368
1588635537863, 13595, -7776, -3168, 224
1588635537891, 13622, -7728, -3280, 256
1588635537917, 13649, -7520, -3536, 320
1588635537944, 13676, -7776, -3744, 384
1588635537971, 13703, -7856, -3824, 496
1588635537999, 13730, -8160, -3760, 368
1588635538026, 13757, -9568, -4016, 912
1588635538054, 13784, -10336, -3488, 800
1588635538080, 13812, -9040, -2784, 496
1588635538107, 13840, -7424, -3104, 832
1588635538136, 13867, -8160, -3936, 1248
1588635538163, 13895, -8208, -3952, 992
1588635538191, 13922, -7504, -3264, 544
1588635538217, 13949, -6784, -2672, 496
1588635538244, 13976, -6784, -1952, 848
1588635538272, 14003, -6800, -2048, 704
1588635538298, 14030, -6848, -2528, 640
1588635538325, 14057, -6976, -2720, 624
1588635538353, 14084, -6416, -2672, 464
1588635538380, 14111, -5712, -2384, 432
1588635538406, 14139, -5120, -2528, 480
1588635538434, 14166, -4896, -2480, 416
1588635538460, 14193, -4832, -2432, 384
1588635538488, 14220, -4880, -2480, 448
1588635538515, 14247, -5072, -2592, 688
1588635538542, 14274, -4976, -2512, 848
1588635538569, 14301, -4976, -2608, 816
1588635538596, 14328, -5408, -3200, 752
1588635538624, 14355, -6208, -4288, 944
1588635538651, 14382, -7280, -5456, 1136
1588635538679, 14410, -7296, -5744, 736
1588635538707, 14437, -9600, -5280, -480
1588635538734, 14466, -12640, -6672, 464
1588635538764, 14494, -10560, -7904, 1056
1588635538791, 14523, -8640, -6528, 272
1588635538819, 14550, -6752, -4960, -64
1588635538845, 14577, -5856, -3680, -64
1588635538873, 14604, -7408, -3824, -272
1588635538902, 14632, -8352, -4320, -240
1588635538928, 14660, -8256, -4640, -64
1588635538957, 14687, -8080, -4608, -112
1588635538985, 14716, -7200, -4176, -112
1588635539013, 14744, -6464, -3840, -288
1588635539041, 14772, -6256, -3408, -288
1588635539069, 14800, -6096, -2992, -208
1588635539096, 14828, -6528, -2912, -32
1588635539124, 14855, -6688, -2368, 128
1588635539151, 14882, -6800, -2544, 256
1588635539177, 14909, -6848, -2416, 368
1588635539204, 14936, -7056, -2448, 336
1588635539232, 14964, -7488, -2784, 416
1588635539260, 14991, -7984, -2896, 480
1588635539285, 15018, -8224, -2736, 432
1588635539313, 15045, -9168, -2288, 144
1588635539342, 15072, -10352, -2304, 416
1588635539369, 15100, -9360, -2400, 576
1588635539395, 15127, -8736, -2736, 656
1588635539423, 15154, -7360, -3440, 944
1588635539451, 15181, -6784, -3856, 1312
1588635539478, 15209, -7280, -4656, 1632
1588635539506, 15237, -7248, -4640, 1456
1588635539533, 15266, -7744, -3360, 736
1588635539560, 15293, -7792, -2512, 560
1588635539588, 15320, -6752, -2528, 704
1588635539615, 15347, -5856, -2784, 640
1588635539642, 15374, -5360, -3408, 448
1588635539670, 15401, -5168, -3664, 128
1588635539695, 15428, -5328, -4000, 0
1588635539721, 15453, -5648, -3632, -16
1588635539748, 15480, -6144, -3568, 32
1588635539774, 15506, -6432, -3920, 176
1588635539802, 15533, -6880, -4144, 336
1588635539829, 15560, -7168, -4416, 480
1588635539855, 15587, -7568, -4480, 400
1588635539882, 15615, -8208, -4752, 448
1588635539912, 15642, -8768, -4768, 992
1588635539938, 15669, -9216, -4528, 672
1588635539964, 15696, -9424, -4672, 208
1588635539993, 15723, -10048, -5296, 208
1588635540020, 15751, -10432, -5840, 176
1588635540048, 15779, -9360, -5312, -304
1588635540076, 15807, -8528, -5136, -32
1588635540104, 15834, -8496, -5232, -320
1588635540131, 15862, -6864, -4368, -448
1588635540161, 15891, -7760, -3984, -1168
1588635540190, 15920, -8080, -4112, -1536
1588635540219, 15949, -8192, -4592, -1376
1588635540249, 15978, -8240, -4000, -1296
1588635540278, 16007, -7968, -3776, -1136
1588635540306, 16036, -7824, -3984, -1216
1588635540335, 16066, -7552, -3600, -960
1588635540363, 16094, -6624, -3328, -400
1588635540391, 16122, -6256, -3264, -272
1588635540418, 16150, -5664, -2864, -96
1588635540447, 16177, -5712, -2448, -320
1588635540474, 16205, -5952, -2800, -96
1588635540500, 16232, -6288, -2368, 144
1588635540528, 16259, -6272, -2320, 560
1588635540554, 16286, -6320, -2080, 576
1588635540582, 16314, -6960, -1840, 416
1588635540610, 16341, -7504, -1776, 592
1588635540637, 16368, -7712, -1888, 1232
1588635540664, 16396, -9472, -2288, 976
1588635540693, 16423, -10912, -2880, 416
1588635540720, 16451, -9328, -3136, 416
1588635540747, 16478, -8720, -3088, 720
1588635540773, 16505, -8096, -4288, 944
1588635540800, 16532, -8592, -4720, 960
1588635540829, 16559, -10176, -6000, 976
1588635540856, 16587, -9632, -5840, -144
1588635540885, 16616, -8672, -4368, -832
1588635540911, 16644, -8576, -2288, 64
1588635540938, 16670, -6016, -3680, 16
1588635540965, 16696, -5760, -3616, -64
1588635540993, 16723, -5408, -3392, -544
1588635541021, 16751, -5296, -4048, -704
1588635541048, 16779, -5600, -4000, -688
1588635541077, 16807, -5440, -3920, -432
1588635541104, 16835, -5312, -3792, -208
1588635541133, 16864, -5696, -3952, -224
1588635541160, 16892, -6080, -4784, 256
1588635541187, 16919, -7136, -5728, 624
1588635541214, 16946, -8288, -6768, 800
1588635541241, 16973, -9328, -7424, 288
1588635541269, 17000, -9312, -7056, -192
1588635541297, 17028, -11728, -7552, 176
1588635541326, 17056, -11936, -7680, 544
1588635541352, 17084, -7792, -6016, 288
1588635541380, 17111, -7568, -4544, 352
1588635541406, 17139, -7328, -4240, 80
1588635541435, 17165, -9472, -4576, -240
1588635541462, 17193, -9424, -4560, -128
1588635541489, 17221, -9360, -4400, 144
1588635541516, 17248, -8624, -4000, 208
1588635541542, 17275, -8208, -3600, 80
1588635541567, 17301, -8048, -3280, 0
1588635541595, 17326, -7936, -3328, -32
1588635541622, 17353, -7872, -3024, -144
1588635541648, 17381, -7712, -2848, 0
1588635541673, 17406, -7776, -2608, 16
1588635541700, 17432, -7536, -2416, 112
1588635541728, 17459, -7680, -2288, 208
1588635541755, 17486, -8080, -2528, 368
1588635541782, 17514, -8000, -2704, 336
1588635541808, 17541, -7760, -2112, 336
1588635541836, 17568, -7008, -1488, 672
1588635541862, 17595, -7264, -800, 512
1588635541890, 17621, -8720, -1408, 560
1588635541917, 17648, -7744, -2256, 592
1588635541943, 17675, -7616, -2608, 592
1588635541970, 17702, -7664, -3424, 736
1588635541997, 17729, -7648, -3792, 608
1588635542025, 17756, -8160, -4288, 976
1588635542053, 17783, -9696, -5440, 1152
1588635542081, 17811, -10272, -5328, 784
1588635542109, 17840, -8848, -4560, -208
1588635542136, 17868, -7360, -4032, 400
1588635542163, 17895, -6704, -3344, 528
1588635542191, 17922, -6272, -4288, 336
1588635542218, 17949, -6512, -3648, 144
1588635542244, 17976, -6688, -4208, 416
1588635542272, 18003, -7104, -4080, 272
1588635542298, 18030, -6416, -4096, 336
1588635542326, 18057, -6416, -4608, 640
1588635542353, 18084, -6480, -4384, 768
1588635542380, 18111, -6976, -5216, 928
1588635542408, 18139, -7808, -6400, 1184
1588635542435, 18167, -7904, -6944, 688
1588635542462, 18194, -8576, -6672, 496
1588635542489, 18221, -9056, -5808, 160
1588635542518, 18248, -12128, -6704, 848
1588635542544, 18276, -8464, -6176, 784
1588635542571, 18303, -7168, -4880, 32
1588635542598, 18329, -7760, -4784, 192
1588635542623, 18356, -8560, -4704, 16
1588635542651, 18382, -9664, -4736, -192
1588635542679, 18410, -10480, -4736, -64
1588635542707, 18439, -10400, -4592, 144
1588635542734, 18467, -9520, -4256, 32
1588635542762, 18493, -8528, -3824, -256
1588635542790, 18521, -8272, -3200, -208
1588635542819, 18549, -8128, -3072, -224
1588635542846, 18577, -7968, -2864, -144
1588635542874, 18605, -7888, -2400, -160
1588635542901, 18633, -7680, -2368, -16
1588635542929, 18660, -7440, -2592, 176
1588635542956, 18687, -7568, -2496, 144
1588635542982, 18715, -7728, -2544, 224
1588635543010, 18742, -7680, -2480, 224
1588635543037, 18769, -7440, -2368, 512
1588635543064, 18796, -6576, -2032, 512
1588635543092, 18823, -6176, -2112, 464
1588635543119, 18850, -8656, -2528, 736
1588635543145, 18877, -8224, -2608, 752
1588635543173, 18904, -7984, -2960, 1200
1588635543201, 18932, -7536, -3584, 1200
1588635543230, 18960, -8128, -3952, 1232
1588635543258, 18989, -8944, -4928, 1440
1588635543285, 19017, -9472, -5200, 944
1588635543314, 19044, -9536, -4752, -480
1588635543339, 19072, -9376, -3904, 16
1588635543367, 19098, -8224, -1904, 768
1588635543393, 19125, -6672, -4272, 752
1588635543420, 19152, -6688, -4032, 256
1588635543447, 19179, -6704, -4112, 112
1588635543475, 19206, -6544, -4784, 224
1588635543502, 19233, -6624, -4352, 496
1588635543528, 19260, -6720, -4672, 464
1588635543556, 19287, -6688, -4752, 240
1588635543583, 19315, -7200, -5888, 736
1588635543610, 19342, -7968, -6608, 704
1588635543637, 19369, -8912, -7280, 400
1588635543664, 19396, -9056, -7232, 176
1588635543692, 19423, -11888, -7840, 256
1588635543720, 19451, -11200, -7552, 480
1588635543748, 19479, -10800, -5568, 256
1588635543776, 19507, -7472, -4480, 192
1588635543803, 19534, -7792, -4288, -96
1588635543830, 19561, -9008, -4352, -304
1588635543857, 19590, -9888, -4240, -64
1588635543886, 19617, -10192, -4384, 112
1588635543913, 19645, -9200, -4192, 192
1588635543940, 19672, -8576, -3920, 112
1588635543968, 19699, -8240, -3200, -352
1588635543996, 19727, -8112, -2816, -288
1588635544025, 19755, -7984, -3120, -416
1588635544052, 19783, -8064, -2784, -240
1588635544081, 19811, -7440, -2736, -208
1588635544109, 19840, -7056, -2608, -192
1588635544137, 19868, -7024, -2528, -144
1588635544164, 19896, -6992, -2640, -288
1588635544193, 19924, -7632, -2576, -240
1588635544222, 19952, -7552, -2432, -208
1588635544247, 19980, -6496, -2304, 80
1588635544275, 20006, -6752, -2080, 336
1588635544302, 20033, -8176, -2496, 752
1588635544328, 20060, -7392, -2784, 464
1588635544355, 20087, -7760, -2576, 384
1588635544383, 20115, -6944, -3376, 1120
1588635544412, 20143, -6928, -4096, 1488
1588635544440, 20171, -8048, -4864, 1248
1588635544468, 20199, -8992, -6048, 1200
1588635544495, 20227, -8928, -5760, 800
1588635544522, 20254, -9152, -5680, -64
1588635544549, 20281, -8944, -4192, 560
1588635544576, 20308, -8128, -2928, 976
1588635544604, 20335, -6592, -4960, 480
1588635544631, 20362, -7008, -2640, 288
1588635544658, 20390, -6304, -4288, -64
1588635544685, 20417, -6176, -4016, 448
1588635544712, 20444, -6544, -4160, 288
1588635544739, 20471, -6336, -4240, 448
1588635544765, 20498, -5936, -4224, 384
1588635544793, 20525, -6288, -4352, 752
1588635544821, 20552, -6080, -4688, 800
1588635544847, 20579, -6544, -5712, 800
1588635544875, 20606, -7312, -7264, 512
1588635544902, 20633, -8736, -7248, 176
1588635544928, 20660, -9840, -8048, 416
1588635544957, 20687, -12528, -7584, 416
1588635544985, 20716, -8240, -5296, 128
1588635545011, 20743, -8144, -4208, 288
1588635545037, 20770, -8160, -4144, 16
1588635545065, 20796, -8832, -4032, -272
1588635545093, 20824, -9456, -3952, -176
1588635545120, 20852, -9408, -4192, 112
1588635545147, 20879, -8688, -4416, 128
1588635545174, 20906, -8192, -4336, -48
1588635545203, 20933, -8032, -3984, -368
1588635545231, 20961, -7824, -3392, -432
1588635545259, 20990, -7584, -3104, -416
1588635545286, 21018, -7488, -2640, -32
1588635545314, 21045, -7568, -2304, -240
1588635545342, 21073, -7280, -2256, -144
1588635545369, 21101, -6672, -2432, -96
1588635545396, 21128, -6976, -2608, -96
1588635545423, 21155, -7072, -2736, 160
1588635545451, 21182, -7440, -2752, 112
1588635545478, 21209, -7232, -2656, 320
1588635545504, 21236, -7696, -2352, 272
1588635545532, 21264, -9856, -2400, 304
1588635545559, 21291, -8448, -2576, 688
1588635545585, 21318, -7296, -2656, 928
1588635545614, 21345, -6944, -3152, 1440
1588635545643, 21373, -6768, -3488, 1728
1588635545670, 21401, -7728, -3984, 1488
1588635545699, 21429, -8752, -4400, 1568
1588635545727, 21457, -8720, -4256, 1088
1588635545755, 21485, -8720, -3280, 1136
1588635545782, 21514, -8192, -2992, 944
1588635545810, 21541, -7808, -1760, 1392
1588635545837, 21569, -6496, -4272, 992
1588635545864, 21596, -6912, -3168, 544
1588635545892, 21623, -6688, -4128, 192
1588635545918, 21650, -6976, -3584, 160
1588635545945, 21677, -6624, -3984, 464
1588635545972, 21704, -6544, -4080, 496
1588635545999, 21731, -6608, -3968, 352
1588635546026, 21758, -6672, -4096, 544
1588635546055, 21785, -7008, -4432, 1280
1588635546083, 21814, -7536, -4656, 1456
1588635546110, 21842, -8144, -5184, 1472
1588635546139, 21870, -8176, -5520, 1600
1588635546166, 21898, -7808, -5840, 640
1588635546195, 21925, -12016, -6960, 1232
1588635546225, 21954, -12384, -7840, 2000
1588635546252, 21983, -9408, -6432, 368
1588635546279, 22010, -8464, -4432, 512
1588635546305, 22037, -6784, -3520, 528
1588635546333, 22065, -7168, -3440, -16
1588635546360, 22092, -7264, -3760, -208
1588635546387, 22120, -8304, -4144, 192
1588635546415, 22147, -9376, -4608, 512
1588635546442, 22174, -9456, -4848, 448
1588635546469, 22201, -9296, -4368, 128
1588635546497, 22228, -9088, -3824, -224
1588635546525, 22256, -8976, -3488, -208
1588635546554, 22284, -8784, -2992, -128
1588635546582, 22312, -8368, -2208, -160
1588635546610, 22341, -7584, -2048, -128
1588635546638, 22369, -6832, -2224, -128
1588635546665, 22397, -6832, -2288, 48
1588635546690, 22423, -6592, -2496, 64
1588635546716, 22449, -6448, -2624, 176
1588635546744, 22476, -6048, -2480, 320
1588635546771, 22503, -5040, -2192, 528
1588635546799, 22530, -4368, -2032, 704
1588635546826, 22557, -4672, -1824, 512
1588635546853, 22584, -7536, -2032, 992
1588635546881, 22611, -7840, -2896, 1184
1588635546908, 22640, -8592, -3472, 1088
1588635546937, 22668, -8384, -4368, 1840
1588635546964, 22696, -8080, -5200, 2656
1588635546992, 22724, -8928, -5808, 2048
1588635547020, 22752, -9504, -6336, 768
1588635547048, 22779, -9184, -5776, 608
1588635547075, 22806, -9280, -4240, 560
1588635547101, 22833, -9664, -2768, 416
1588635547129, 22860, -9024, -1872, 1248
1588635547158, 22889, -8160, -2336, 1488
1588635547186, 22917, -8240, -3280, 1072
1588635547213, 22945, -6944, -3408, 832
1588635547240, 22972, -6592, -3824, 320
1588635547266, 22999, -6368, -3824, 80
1588635547294, 23025, -6080, -3456, 272
1588635547321, 23052, -6016, -3136, 256
1588635547347, 23079, -6240, -3120, 480
1588635547374, 23106, -6464, -3296, 384
1588635547401, 23133, -6256, -3552, 304
1588635547429, 23160, -6432, -3872, 784
1588635547457, 23187, -7376, -3760, 1120
1588635547483, 23216, -8160, -3840, 880
1588635547512, 23243, -7728, -4368, 1152
1588635547540, 23271, -7344, -4656, 1376
1588635547568, 23299, -7072, -4544, 1376
1588635547595, 23327, -7152, -4000, 960
1588635547622, 23354, -7600, -3712, 864
1588635547650, 23381, -7936, -3808, 800
1588635547677, 23408, -8240, -2784, 672
1588635547703, 23435, -7888, -2560, 688
1588635547730, 23462, -7184, -2800, 640
1588635547758, 23490, -7024, -3328, 384
1588635547783, 23517, -6960, -3088, 48
1588635547809, 23543, -7296, -3520, 48
1588635547838, 23569, -8112, -3792, -176
1588635547865, 23597, -8480, -3728, -64
1588635547891, 23624, -8272, -3632, 96
1588635547918, 23650, -7520, -3584, 128
1588635547946, 23677, -6720, -3344, -32
1588635547972, 23704, -6464, -3200, -80
1588635548001, 23731, -6928, -3184, -144
1588635548029, 23759, -7328, -2944, -224
1588635548056, 23787, -7680, -2816, -160
1588635548085, 23816, -7680, -2816, -256
1588635548112, 23844, -7808, -3008, -192
1588635548140, 23872, -6848, -3184, -176
1588635548168, 23900, -6656, -3456, 208
1588635548196, 23927, -6704, -3552, 304
1588635548223, 23954, -6704, -3360, 304
1588635548249, 23981, -6832, -3168, 304
1588635548276, 24008, -6928, -2992, 368
1588635548303, 24035, -6960, -2976, 496
1588635548331, 24062, -7024, -3072, 544
1588635548358, 24090, -7104, -3408, 672
1588635548384, 24117, -7312, -3680, 768
1588635548411, 24144, -7536, -3856, 912
1588635548440, 24171, -7536, -3792, 1104
1588635548469, 24199, -7664, -3824, 1328
1588635548496, 24227, -7712, -3680, 1488
1588635548524, 24255, -7824, -3344, 1600
1588635548553, 24283, -7808, -4192, 1168
1588635548581, 24311, -7392, -4080, 1088
1588635548608, 24340, -7360, -3408, 768
1588635548635, 24367, -7248, -3936, 592
1588635548662, 24394, -7232, -3568, 448
1588635548689, 24421, -7152, -3632, 432
1588635548716, 24448, -7120, -3584, 336
1588635548743, 24475, -7184, -3520, 320
1588635548771, 24502, -7200, -3520, 240
1588635548798, 24529, -7168, -3456, 256
1588635548824, 24556, -7216, -3440, 256
1588635548851, 24583, -7200, -3344, 256
1588635548879, 24610, -7136, -3296, 240
1588635548905, 24637, -7136, -3248, 272
1588635548933, 24665, -7200, -3376, 384
1588635548960, 24692, -7120, -3328, 512
1588635548987, 24719, -7152, -3248, 256
1588635549014, 24746, -6976, -3280, 304
1588635549040, 24773, -7040, -3360, 432
1588635549068, 24800, -7120, -3376, 416
1588635549096, 24827, -7168, -3344, 704
1588635549122, 24854, -7200, -3376, 576
1588635549149, 24881, -7184, -3408, 688
1588635549177, 24908, -7184, -3440, 688
1588635549203, 24935, -7232, -3456, 752
1588635549231, 24962, -7184, -3504, 768
1588635549258, 24990, -7168, -3552, 752
1588635549285, 25017, -7152, -3632, 768
1588635549312, 25044, -7232, -3520, 752
1588635549339, 25071, -7248, -3664, 656
1588635549366, 25098, -7264, -4000, 592
1588635549393, 25125, -7104, -3792, 528
1588635549420, 25152, -7152, -3440, 496
1588635549447, 25179, -7152, -3664, 592
1588635549475, 25206, -7216, -3680, 496
1588635549502, 25233, -7232, -3616, 464
1588635549528, 25260, -7232, -3552, 400
1588635549555, 25287, -7184, -3568, 384
1588635549582, 25315, -7168, -3616, 320
1588635549610, 25342, -7216, -3632, 432
1588635549636, 25369, -7264, -3584, 352
1588635549664, 25396, -7104, -3520, 448
1588635549690, 25423, -7184, -3520, 304
1588635549718, 25450, -7200, -3488, 512
1588635549745, 25477, -7168, -3520, 384
1588635549772, 25504, -7136, -3456, 464
1588635549799, 25531, -7184, -3408, 592
1588635549826, 25558, -7184, -3360, 528
1588635549853, 25585, -7216, -3360, 528
1588635549880, 25612, -7200, -3344, 576
1588635549908, 25640, -7184, -3408, 560
1588635549935, 25667, -7216, -3360, 608
1588635549962, 25694, -7232, -3360, 560
1588635549990, 25721, -7232, -3376, 560
1588635550016, 25748, -7232, -3440, 560
1588635550043, 25775, -7184, -3488, 544
1588635550070, 25802, -7152, -3472, 496
1588635550097, 25829, -7136, -3552, 464
1588635550124, 25856, -7248, -3552, 480
1588635550151, 25883, -7216, -3520, 496
1588635550178, 25910, -7136, -3520, 496
1588635550205, 25937, -7120, -3568, 496
1588635550232, 25965, -7152, -3504, 352
1588635550259, 25992, -7120, -3456, 496
1588635550286, 26019, -7216, -3456, 496
1588635550314, 26046, -7280, -3472, 448
1588635550341, 26073, -7248, -3536, 400
1588635550368, 26100, -7136, -3472, 432
1588635550395, 26127, -7168, -3472, 496
1588635550422, 26154, -7200, -3440, 464
1588635550450, 26181, -7184, -3408, 560
1588635550476, 26208, -7216, -3360, 512
1588635550504, 26235, -7184, -3488, 512
1588635550530, 26262, -7152, -3552, 592
1588635550558, 26290, -7200, -3536, 512
1588635550584, 26317, -7184, -3424, 576
1588635550612, 26344, -7232, -3440, 560
1588635550639, 26371, -7216, -3504, 512
1588635550666, 26398, -7248, -3552, 528
1588635550694, 26425, -7152, -3536, 528
1588635550720, 26452, -7136, -3488, 496
1588635550747, 26479, -7168, -3472, 448
1588635550775, 26506, -7264, -3472, 496
1588635550801, 26533, -7200, -3440, 448
1588635550830, 26560, -7152, -3424, 448
1588635550855, 26587, -7184, -3504, 400
1588635550883, 26615, -7104, -3472, 512
1588635550910, 26642, -7280, -3424, 384
1588635550937, 26669, -7248, -3424, 464
1588635550964, 26696, -7152, -3488, 480
1588635550991, 26723, -7168, -3472, 544
1588635551018, 26750, -7152, -3456, 528
1588635551045, 26777, -7152, -3456, 512
1588635551072, 26804, -7216, -3424, 512
1588635551099, 26831, -7232, -3520, 432
1588635551126, 26858, -7216, -3536, 464
1588635551154, 26885, -7168, -3616, 528
1588635551181, 26912, -7168, -3600, 464
1588635551208, 26940, -7216, -3584, 560
1588635551234, 26967, -7136, -3520, 480
1588635551262, 26994, -7184, -3504, 544
1588635551290, 27021, -7168, -3472, 544
1588635551315, 27048, -7168, -3520, 480
1588635551343, 27075, -7200, -3552, 528
1588635551371, 27102, -7168, -3504, 560
1588635551398, 27129, -7280, -3488, 480
1588635551425, 27156, -7200, -3472, 528
1588635551451, 27183, -7216, -3456, 464
1588635551479, 27210, -7088, -3456, 464
1588635551505, 27237, -7104, -3456, 528
1588635551533, 27265, -7040, -3488, 432
1588635551559, 27292, -7248, -3488, 464
1588635551586, 27319, -7184, -3504, 448
1588635551614, 27346, -7120, -3472, 496
1588635551641, 27373, -7136, -3536, 448
1588635551668, 27400, -7248, -3488, 512
1588635551695, 27427, -7168, -3488, 480
1588635551722, 27454, -7232, -3488, 464
1588635551749, 27481, -7184, -3520, 528
1588635551777, 27508, -7136, -3616, 528
1588635551803, 27535, -7136, -3488, 496
1588635551830, 27562, -7120, -3472, 544
1588635551858, 27590, -7152, -3440, 512
1588635551885, 27617, -7264, -3488, 432
1588635551912, 27644, -7216, -3504, 464
1588635551939, 27671, -7216, -3616, 464
1588635551965, 27698, -7104, -3584, 448
1588635551993, 27725, -7200, -3408, 432
1588635552020, 27752, -7200, -3472, 480
1588635552047, 27779, -7168, -3520, 480
1588635552075, 27806, -7120, -3552, 432
1588635552102, 27833, -7104, -3488, 400
1588635552128, 27860, -7248, -3536, 432
1588635552155, 27887, -7088, -3488, 464
1588635552183, 27915, -7184, -3488, 432
1588635552210, 27942, -7136, -3552, 464
1588635552237, 27969, -7200, -3472, 464
1588635552264, 27996, -7232, -3472, 480
1588635552292, 28023, -7184, -3504, 464
1588635552318, 28050, -7168, -3520, 432
1588635552346, 28077, -7152, -3520, 448
1588635552372, 28104, -7200, -3536, 480
1588635552400, 28131, -7184, -3424, 464
1588635552426, 28158, -7232, -3440, 432
1588635552453, 28185, -7136, -3520, 480
1588635552481, 28212, -7168, -3472, 448
1588635552507, 28240, -7232, -3568, 528
1588635552535, 28267, -7216, -3552, 512
1588635552562, 28294, -7200, -3568, 432
1588635552590, 28321, -7184, -3504, 496
1588635552616, 28348, -7120, -3520, 512
1588635552643, 28375, -7072, -3504, 528
1588635552670, 28402, -7056, -3440, 528
1588635552698, 28429, -7184, -3456, 416
1588635552724, 28456, -7216, -3520, 432
1588635552751, 28483, -7296, -3600, 416
1588635552778, 28510, -7200, -3584, 512
1588635552806, 28537, -7056, -3520, 496
1588635552833, 28565, -7104, -3424, 496
1588635552860, 28592, -7120, -3536, 448
1588635552887, 28619, -7152, -3568, 416
1588635552914, 28646, -7152, -3504, 448
1588635552941, 28673, -7168, -3536, 496
1588635552968, 28700, -7216, -3536, 480
1588635552996, 28727, -7200, -3520, 448
1588635553023, 28754, -7136, -3520, 464
1588635553049, 28781, -7200, -3520, 432
1588635553076, 28808, -7152, -3440, 480
1588635553104, 28835, -7136, -3504, 448
1588635553130, 28862, -7152, -3568, 448
1588635553157, 28890, -7152, -3520, 448
1588635553185, 28917, -7184, -3552, 464
1588635553212, 28944, -7168, -3504, 416
1588635553239, 28971, -7280, -3456, 432
1588635553265, 28998, -7120, -3520, 416
1588635553293, 29025, -7184, -3552, 448
1588635553320, 29052, -7088, -3456, 416
1588635553348, 29079, -7280, -3520, 416
1588635553375, 29106, -7040, -3552, 240
1588635553401, 29133, -7056, -3600, 576
1588635553429, 29160, -7088, -3568, 544
1588635553455, 29187, -7152, -3568, 704
1588635553483, 29215, -7232, -3472, 448
1588635553509, 29242, -7152, -3472, 496
1588635553536, 29269, -7232, -3504, 480
1588635553564, 29296, -7232, -3504, 416
1588635553591, 29323, -7232, -3536, 416
1588635553618, 29350, -7200, -3552, 416
1588635553646, 29377, -7168, -3488, 400
1588635553672, 29404, -7200, -3472, 400
1588635553700, 29431, -7200, -3456, 400
1588635553727, 29458, -7152, -3472, 352
1588635553753, 29485, -7168, -3520, 384
1588635553780, 29512, -7216, -3488, 400
1588635553808, 29540, -7232, -3520, 416
1588635553834, 29567, -7296, -3520, 432
1588635553862, 29594, -7120, -3472, 416
1588635553889, 29621, -7184, -3472, 400
1588635553915, 29648, -7184, -3440, 416
1588635553943, 29675, -7184, -3504, 432
1588635553970, 29702, -7104, -3552, 464
1588635553997, 29729, -7088, -3536, 416
1588635554025, 29756, -7152, -3520, 464
1588635554051, 29783, -7200, -3568, 480
1588635554079, 29810, -7184, -3472, 864
1588635554106, 29837, -7024, -3312, 416
1588635554132, 29865, -6976, -3312, 624
1588635554160, 29892, -7072, -3392, 640
1588635554187, 29919, -7104, -3488, 656
1588635554214, 29946, -7104, -3440, 720
1588635554241, 29973, -7056, -3360, 800
1588635554268, 30000, -7088, -3488, 816
1588635554295, 30027, -7152, -3600, 752
1588635554322, 30054, -7136, -3552, 688
1588635554349, 30081, -7200, -3568, 720
1588635554376, 30108, -7200, -3616, 608
1588635554403, 30135, -7168, -3552, 560
1588635554431, 30162, -7168, -3552, 544
1588635554457, 30190, -7264, -3632, 400
1588635554484, 30217, -7280, -3616, 384
1588635554512, 30244, -7184, -3520, 320
1588635554539, 30271, -7024, -3328, 304
1588635554566, 30298, -6816, -3296, 256
1588635554593, 30325, -7008, -3376, 240
1588635554621, 30352, -7376, -3456, 160
1588635554646, 30379, -7536, -3488, 64
1588635554673, 30405, -7616, -3488, 48
1588635554698, 30431, -7520, -3344, 96
1588635554725, 30457, -7472, -3328, -32
1588635554751, 30484, -7104, -3376, 64
1588635554778, 30510, -7184, -3424, -16
1588635554805, 30537, -7216, -3344, -64
1588635554833, 30565, -7328, -3216, -16
1588635554860, 30592, -7552, -3280, -64
1588635554888, 30619, -7712, -3504, -144
1588635554916, 30647, -7536, -3584, -144
1588635554943, 30675, -7280, -3520, -64
1588635554969, 30702, -7136, -3472, -16
1588635554997, 30729, -7152, -3344, 32
1588635555023, 30755, -7264, -3280, -32
1588635555051, 30782, -7248, -3248, -176
1588635555078, 30810, -6992, -3328, -48
1588635555105, 30837, -6992, -3280, -64
1588635555132, 30865, -7200, -3392, 144
1588635555160, 30892, -7232, -3424, -32
1588635555186, 30919, -7312, -3360, 160
1588635555214, 30946, -7392, -3456, 160
1588635555241, 30973, -7584, -3552, 112
1588635555267, 31000, -7488, -3488, 96
1588635555294, 31026, -7264, -3472, 128
1588635555321, 31053, -7536, -3536, 288
1588635555348, 31080, -7312, -3552, 288
1588635555375, 31107, -7264, -3488, 288
1588635555402, 31134, -7360, -3552, 336
1588635555429, 31161, -7536, -3456, 288
1588635555457, 31188, -7520, -3296, 272
1588635555483, 31216, -7520, -3328, 336
1588635555511, 31243, -7360, -3408, 160
1588635555537, 31270, -7344, -3536, 256
1588635555565, 31297, -7360, -3472, 288
1588635555593, 31324, -7376, -3168, 416
1588635555619, 31351, -7440, -2944, 480
1588635555646, 31378, -7264, -2992, 672
1588635555673, 31405, -7200, -3136, 752
1588635555700, 31432, -7216, -3168, 624
1588635555728, 31459, -7216, -3184, 672
1588635555754, 31486, -7392, -3088, 800
1588635555782, 31513, -7504, -3104, 912
1588635555810, 31541, -7440, -3120, 1056
1588635555838, 31569, -7248, -3216, 1056
1588635555866, 31597, -6992, -3024, 1120
1588635555894, 31625, -6960, -2992, 1120
1588635555923, 31653, -6944, -3296, 1168
1588635555950, 31681, -7392, -3376, 1040
1588635555978, 31709, -7248, -2848, 960
1588635556005, 31736, -7184, -3328, 1024
1588635556033, 31765, -7152, -3136, 992
1588635556059, 31792, -7088, -2976, 784
1588635556086, 31819, -7264, -3232, 864
1588635556114, 31846, -7424, -3168, 544
1588635556141, 31873, -7248, -3168, 576
1588635556168, 31900, -7200, -3328, 800
1588635556194, 31927, -7056, -3440, 704
1588635556222, 31954, -6944, -3408, 480
1588635556249, 31981, -6880, -3280, 784
1588635556277, 32008, -6960, -3280, 688
1588635556303, 32035, -6928, -3328, 672
1588635556330, 32062, -7056, -3360, 768
1588635556357, 32090, -7152, -3376, 800
1588635556385, 32117, -7088, -3440, 848
1588635556412, 32144, -7024, -3440, 864
1588635556439, 32171, -7024, -3456, 928
1588635556466, 32198, -7072, -3392, 912
1588635556493, 32225, -7168, -3440, 912
1588635556520, 32252, -7216, -3488, 800
1588635556547, 32279, -7136, -3520, 816
1588635556574, 32306, -7056, -3472, 864
1588635556602, 32333, -6960, -3408, 800
1588635556628, 32360, -7136, -3328, 880
1588635556655, 32387, -7520, -3472, 736
1588635556683, 32415, -8032, -3616, 800
1588635556710, 32442, -7936, -3504, 640
1588635556736, 32469, -7712, -3456, 512
1588635556764, 32496, -7248, -3408, 464
1588635556790, 32523, -7200, -3440, 432
1588635556818, 32550, -7376, -3392, 384
1588635556844, 32577, -7264, -3216, 416
1588635556872, 32604, -7328, -3344, 288
1588635556899, 32631, -7152, -3552, 336
1588635556927, 32658, -6864, -3408, 384
1588635556954, 32685, -6736, -3328, 320
1588635556981, 32712, -6992, -3264, 464
1588635557007, 32740, -7408, -3216, 480
1588635557034, 32767, -7872, -3280, 464
1588635557061, 32794, -8064, -3424, 432
1588635557090, 32821, -7600, -3376, 320
1588635557116, 32848, -7184, -3200, 336
1588635557144, 32875, -6832, -3264, 320
1588635557169, 32902, -6880, -3184, 288
1588635557197, 32929, -7008, -3168, 352
1588635557224, 32956, -7056, -3184, 352
1588635557251, 32983, -7024, -3120, 384
1588635557279, 33010, -7056, -3168, 352
1588635557306, 33037, -7120, -3312, 368
1588635557333, 33065, -7216, -3312, 256
1588635557359, 33092, -7200, -3376, 448
1588635557387, 33119, -7584, -3408, 352
1588635557414, 33146, -7232, -3456, 368
1588635557441, 33173, -7232, -3568, 304
1588635557468, 33200, -7200, -3568, 320
1588635557495, 33227, -7216, -3552, 384
1588635557522, 33254, -7392, -3712, 496
1588635557549, 33281, -7616, -3696, 512
1588635557576, 33308, -7744, -3616, 608
1588635557603, 33335, -8064, -3632, 640
1588635557631, 33362, -7600, -3600, 592
1588635557658, 33390, -7472, -3696, 624
1588635557685, 33417, -7376, -3888, 752
1588635557713, 33444, -7440, -3936, 816
1588635557739, 33471, -7376, -3792, 928
1588635557766, 33498, -6832, -3552, 896
1588635557793, 33525, -6656, -3424, 944
1588635557821, 33552, -6656, -3328, 896
1588635557847, 33579, -6864, -3344, 720
1588635557874, 33606, -6928, -3344, 624
1588635557901, 33633, -7104, -3360, 544
1588635557928, 33660, -7136, -3344, 496
1588635557956, 33687, -7056, -3440, 496
1588635557982, 33715, -6992, -3520, 512
1588635558010, 33742, -6960, -3504, 512
1588635558037, 33769, -6848, -3392, 480
1588635558064, 33796, -6992, -3504, 480
1588635558090, 33823, -7024, -3664, 416
1588635558118, 33850, -7152, -3792, 368
1588635558145, 33877, -7184, -3808, 336
1588635558173, 33904, -7136, -3792, 368
1588635558199, 33931, -7168, -3776, 432
1588635558227, 33958, -7152, -3696, 480
1588635558254, 33985, -6976, -3520, 560
1588635558280, 34012, -6832, -3248, 496
1588635558308, 34040, -6928, -3248, 528
1588635558334, 34067, -7136, -3472, 496
1588635558362, 34094, -7360, -3760, 416
1588635558388, 34121, -7904, -3360, 96
1588635558414, 34147, -8288, -3232, 96
1588635558441, 34173, -8688, -2976, 384
1588635558468, 34200, -8672, -2784, 288
1588635558495, 34227, -8144, -3456, -48
1588635558522, 34254, -7040, -3120, 128
1588635558550, 34281, -6704, -2784, -384
1588635558579, 34309, -6592, -3104, -384
1588635558606, 34337, -7232, -3536, -464
1588635558635, 34366, -7552, -3744, -544
1588635558663, 34394, -7040, -3696, -544
1588635558690, 34422, -6800, -3648, -576
1588635558718, 34450, -6464, -3664, -512
1588635558747, 34478, -6336, -3616, -528
1588635558775, 34506, -7024, -3552, -432
1588635558804, 34534, -7424, -3504, -496
1588635558831, 34562, -7488, -3600, -496
1588635558860, 34591, -7200, -3792, -480
1588635558887, 34619, -6912, -3984, -464
1588635558916, 34647, -6944, -3872, -528
1588635558944, 34675, -7328, -3808, -368
1588635558972, 34703, -7488, -3440, -400
1588635559000, 34731, -7584, -3184, -256
1588635559028, 34759, -7584, -3184, -112
1588635559056, 34787, -7568, -3280, -208
1588635559084, 34816, -7888, -3408, -80
1588635559112, 34843, -7664, -3376, -176
1588635559140, 34871, -7392, -3392, -224
1588635559168, 34899, -7200, -3392, -416
1588635559196, 34927, -7216, -3376, -176
1588635559224, 34955, -7488, -3344, -112
1588635559249, 34983, -7872, -3264, 0
1588635559275, 35008, -7904, -3104, 80
1588635559302, 35034, -7856, -3088, 160
1588635559329, 35061, -7616, -3088, 224
1588635559356, 35088, -7136, -3328, 496
1588635559383, 35116, -7440, -3408, 672
1588635559411, 35143, -8064, -3376, 704
1588635559437, 35170, -8400, -3056, 896
1588635559465, 35197, -8048, -2528, 720
1588635559492, 35224, -6976, -2064, 672
1588635559519, 35251, -6320, -2032, 576
1588635559546, 35278, -6528, -2848, 528
1588635559574, 35305, -6832, -3232, 592
1588635559601, 35332, -7120, -3280, 544
1588635559628, 35359, -7088, -3072, 608
1588635559655, 35386, -6848, -2912, 848
1588635559682, 35413, -6704, -2928, 1088
1588635559711, 35442, -6752, -2896, 1200
1588635559739, 35470, -6944, -2944, 1168
1588635559767, 35498, -6896, -3088, 1536
1588635559795, 35526, -7360, -3488, 1744
1588635559823, 35554, -7504, -3696, 1728
1588635559851, 35582, -7296, -3648, 1872
1588635559879, 35610, -7152, -3440, 1408
1588635559908, 35638, -7040, -2944, 1536
1588635559936, 35667, -7216, -2704, 1520
1588635559963, 35695, -7248, -2672, 1408
1588635559993, 35723, -7264, -2960, 1520
1588635560020, 35751, -7136, -3296, 1200
1588635560048, 35779, -7152, -3280, 1072
1588635560076, 35807, -7232, -3184, 1072
1588635560104, 35835, -7312, -3072, 1072
1588635560132, 35863, -7616, -3104, 1136
1588635560160, 35892, -7504, -2944, 992
1588635560187, 35919, -7472, -2864, 768
1588635560214, 35946, -7392, -3024, 944
1588635560240, 35973, -7008, -3088, 784
1588635560268, 36000, -7104, -3040, 832
1588635560294, 36027, -7072, -2928, 608
1588635560322, 36054, -7040, -2944, 832
1588635560350, 36081, -7280, -3120, 944
1588635560376, 36108, -6912, -3280, 784
1588635560403, 36135, -6992, -3088, 528
1588635560430, 36162, -7088, -3136, 640
1588635560457, 36190, -7264, -3296, 720
1588635560484, 36217, -7808, -3424, 752
1588635560511, 36244, -7552, -3488, 672
1588635560539, 36271, -7216, -3280, 608
1588635560566, 36298, -7088, -3152, 544
1588635560593, 36325, -7120, -3232, 512
1588635560620, 36352, -7248, -3328, 416
1588635560647, 36379, -7536, -3504, 320
1588635560675, 36406, -7504, -3504, 272
1588635560701, 36433, -7280, -3712, 416
1588635560728, 36460, -7184, -3776, 528
1588635560756, 36487, -7200, -3712, 576
1588635560783, 36515, -7232, -3520, 912
1588635560810, 36542, -7184, -3408, 800
1588635560837, 36569, -7168, -3376, 864
1588635560864, 36596, -7248, -3360, 768
1588635560891, 36623, -7408, -3504, 640
1588635560918, 36650, -7392, -3648, 688
1588635560945, 36677, -7296, -3664, 432
1588635560972, 36704, -7216, -3664, 656
1588635561000, 36731, -7136, -3568, 432
1588635561027, 36758, -7168, -3504, 512
1588635561053, 36785, -7296, -3504, 672
1588635561080, 36812, -7216, -3360, 560
1588635561108, 36840, -7296, -3280, 528
1588635561135, 36867, -7232, -3328, 464
1588635561162, 36894, -7184, -3376, 480
1588635561188, 36921, -7152, -3472, 448
1588635561215, 36948, -7152, -3440, 368
1588635561243, 36975, -7152, -3440, 432
1588635561269, 37002, -7088, -3392, 432
1588635561297, 37029, -7200, -3440, 416
1588635561324, 37056, -7152, -3408, 480
1588635561352, 37083, -7200, -3440, 480
1588635561378, 37110, -7184, -3440, 512
1588635561406, 37137, -7232, -3424, 448
1588635561432, 37165, -7232, -3456, 512
1588635561460, 37192, -7296, -3472, 496
1588635561486, 37219, -7088, -3440, 480
1588635561513, 37246, -7104, -3456, 608
1588635561542, 37273, -7136, -3456, 576
1588635561568, 37300, -7184, -3488, 848
1588635561595, 37327, -7168, -3504, 768
1588635561622, 37354, -7376, -3552, 672
1588635561649, 37381, -7296, -3456, 768
1588635561677, 37408, -7328, -3504, 352
1588635561703, 37435, -7088, -3504, 368
1588635561730, 37462, -7104, -3632, 416
1588635561757, 37490, -7136, -3632, 512
1588635561784, 37517, -7152, -3536, 544
1588635561812, 37544, -7216, -3520, 496
1588635561840, 37571, -7200, -3584, 512
1588635561866, 37598, -7296, -3568, 512
1588635561893, 37625, -7216, -3584, 432
1588635561920, 37652, -7168, -3568, 448
1588635561947, 37679, -7152, -3568, 352
1588635561974, 37706, -7248, -3536, 448
1588635562002, 37733, -7200, -3504, 400
1588635562029, 37760, -7152, -3472, 416
1588635562056, 37787, -7152, -3472, 480
1588635562083, 37815, -7184, -3536, 448
1588635562110, 37842, -7136, -3456, 448
1588635562137, 37869, -7200, -3456, 480
1588635562164, 37896, -7168, -3328, 480
1588635562190, 37923, -7152, -3360, 448
1588635562218, 37950, -7168, -3568, 416
1588635562245, 37977, -7248, -3440, 592
1588635562273, 38004, -7168, -3424, 336
1588635562299, 38031, -7088, -3440, 576
1588635562326, 38058, -7296, -3488, 528
1588635562354, 38085, -7216, -3440, 704
1588635562380, 38112, -7200, -3472, 560
1588635562407, 38140, -7200, -3472, 544
1588635562435, 38167, -7136, -3520, 512
1588635562462, 38194, -7184, -3536, 528
1588635562489, 38221, -7200, -3488, 448
1588635562515, 38248, -7232, -3440, 480
1588635562543, 38275, -7216, -3504, 512
1588635562570, 38302, -7200, -3424, 544
1588635562597, 38329, -7200, -3440, 480
1588635562624, 38356, -7136, -3392, 448
1588635562651, 38383, -7152, -3424, 464
1588635562679, 38410, -7216, -3440, 400
1588635562706, 38437, -7216, -3456, 448
1588635562732, 38465, -7248, -3360, 384
1588635562760, 38492, -7136, -3408, 352
1588635562787, 38519, -7152, -3488, 560
1588635562814, 38546, -7152, -3488, 608
1588635562840, 38573, -7200, -3456, 496
1588635562868, 38600, -7200, -3456, 512
1588635562894, 38627, -7232, -3488, 464
1588635562922, 38654, -7216, -3472, 480
1588635562950, 38681, -7136, -3440, 416
1588635562976, 38708, -7120, -3520, 464
1588635563003, 38735, -7136, -3392, 512
1588635563031, 38762, -7168, -3424, 528
1588635563058, 38790, -7200, -3376, 512
1588635563085, 38817, -7264, -3456, 432
1588635563111, 38844, -7232, -3488, 464
1588635563140, 38871, -7184, -3536, 432
1588635563166, 38898, -7216, -3520, 448
1588635563193, 38925, -7168, -3376, 480
1588635563219, 38952, -7216, -3376, 464
1588635563248, 38979, -7184, -3392, 480
1588635563274, 39006, -7200, -3440, 416
1588635563301, 39033, -7184, -3472, 448
1588635563328, 39060, -7248, -3488, 448
1588635563356, 39087, -7232, -3424, 448
1588635563382, 39115, -7248, -3408, 464
1588635563409, 39142, -7216, -3472, 400
1588635563437, 39169, -7232, -3456, 464
1588635563464, 39196, -7152, -3440, 480
1588635563491, 39223, -7248, -3440, 448
1588635563518, 39250, -7200, -3456, 480
1588635563545, 39277, -7264, -3488, 496
1588635563573, 39304, -7232, -3488, 448
1588635563600, 39331, -7200, -3392, 480
1588635563626, 39358, -7200, -3440, 448
1588635563653, 39385, -7168, -3456, 400
1588635563680, 39412, -7232, -3440, 480
1588635563707, 39440, -7232, -3424, 400
1588635563735, 39467, -7216, -3424, 384
1588635563762, 39494, -7168, -3408, 368
1588635563789, 39521, -7232, -3408, 480
1588635563816, 39548, -7200, -3392, 464
1588635563843, 39575, -7264, -3408, 448
1588635563870, 39602, -7152, -3456, 480
1588635563898, 39629, -7184, -3424, 512
1588635563925, 39656, -7184, -3424, 528
1588635563952, 39683, -7168, -3408, 528
1588635563978, 39710, -7200, -3360, 496
1588635564006, 39737, -7232, -3520, 480
1588635564032, 39765, -7200, -3488, 448
1588635564059, 39792, -7264, -3504, 496
1588635564086, 39819, -7264, -3424, 496
1588635564113, 39846, -7168, -3408, 512
1588635564141, 39873, -7200, -3376, 528
1588635564168, 39900, -7168, -3424, 528
1588635564195, 39927, -7216, -3440, 400
1588635564223, 39954, -7200, -3488, 432
1588635564249, 39981, -7264, -3472, 400
1588635564277, 40008, -7232, -3408, 464
1588635564303, 40035, -7328, -3456, 496
1588635564331, 40062, -7312, -3376, 448
1588635564358, 40090, -7312, -3392, 448
1588635564384, 40117, -7328, -3440, 480
1588635564412, 40144, -7264, -3344, 480
1588635564438, 40171, -7200, -3232, 560
1588635564466, 40198, -7184, -3184, 496
1588635564492, 40225, -7200, -3280, 592
1588635564519, 40252, -7264, -3296, 608
1588635564547, 40279, -7376, -3328, 720
1588635564574, 40306, -7216, -3328, 800
1588635564601, 40333, -7200, -3152, 944
1588635564629, 40360, -7216, -3088, 1280
1588635564657, 40388, -6992, -3472, 1616
1588635564686, 40417, -6848, -3680, 1120
1588635564713, 40445, -6896, -3696, 928
1588635564740, 40472, -6560, -3664, 496
1588635564768, 40499, -5648, -3584, 368
1588635564793, 40526, -4944, -3536, 16
1588635564820, 40552, -5536, -4064, -96
1588635564847, 40579, -6976, -5088, 224
1588635564874, 40606, -8128, -5936, 320
1588635564902, 40633, -8128, -5456, -64
1588635564928, 40660, -8176, -4960, 160
1588635564955, 40687, -7264, -5024, 512
1588635564983, 40715, -6272, -5152, 480
1588635565009, 40742, -5888, -5104, 352
1588635565037, 40769, -6208, -5008, 384
1588635565064, 40796, -6704, -4544, 480
1588635565091, 40823, -6896, -4000, 448
1588635565118, 40850, -7088, -3824, 432
1588635565145, 40877, -7312, -3648, 384
1588635565172, 40904, -7472, -3600, 208
1588635565200, 40931, -7264, -3552, 192
1588635565226, 40958, -7232, -3408, 144
1588635565252, 40985, -7392, -3456, 96
1588635565280, 41011, -7776, -3664, 192
1588635565306, 41038, -7792, -3808, 640
1588635565333, 41066, -8320, -3904, 240
1588635565361, 41093, -10048, -3456, 352
1588635565388, 41121, -8672, -2560, 464
1588635565416, 41148, -8544, -1904, 464
1588635565443, 41175, -8096, -2368, 400
1588635565469, 41202, -8320, -3344, 704
1588635565498, 41229, -8704, -3424, 432
1588635565523, 41256, -7568, -1728, 32
1588635565549, 41282, -7360, -848, 144
1588635565577, 41308, -7248, -1616, 480
1588635565603, 41335, -7408, -2096, 256
1588635565630, 41362, -6928, -2720, -48
1588635565657, 41390, -6368, -2448, 224
1588635565685, 41417, -5504, -1952, 416
1588635565711, 41444, -4832, -2128, 368
1588635565739, 41471, -4864, -2608, 416
1588635565766, 41498, -5072, -2832, 352
1588635565793, 41525, -5488, -3040, 560
1588635565820, 41552, -5776, -3232, 800
1588635565847, 41579, -6080, -3088, 960
1588635565875, 41606, -6448, -3488, 864
1588635565903, 41633, -7152, -4112, 1088
1588635565931, 41661, -7968, -4816, 1200
1588635565958, 41689, -8080, -4848, 1280
1588635565985, 41718, -9008, -5024, 736
1588635566014, 41745, -12032, -5552, 864
1588635566043, 41773, -11616, -6144, 1616
1588635566070, 41802, -8704, -5312, 1024
1588635566098, 41830, -7984, -4736, 816
1588635566126, 41857, -7872, -4032, 592
1588635566153, 41884, -7296, -3968, 336
1588635566180, 41911, -7952, -3776, 128
1588635566206, 41938, -8400, -3792, 240
1588635566233, 41966, -8240, -3680, 240
1588635566260, 41993, -6528, -3664, 16
1588635566286, 42019, -6000, -3232, 48
1588635566311, 42045, -6016, -2896, 80
1588635566339, 42071, -5936, -2848, 128
1588635566365, 42098, -6304, -2656, 144
1588635566393, 42125, -6576, -2496, 192
1588635566421, 42152, -6672, -2400, 160
1588635566447, 42179, -6880, -2272, 160
1588635566474, 42206, -7632, -2320, 208
1588635566501, 42233, -8512, -2512, 256
1588635566529, 42260, -9120, -2672, 304
1588635566556, 42287, -9344, -2544, 448
1588635566582, 42314, -8576, -1856, 496
1588635566611, 42342, -10480, -2000, 304
1588635566637, 42370, -9392, -2336, 432
1588635566665, 42397, -7600, -2128, 608
1588635566692, 42424, -7520, -2800, 832
1588635566719, 42451, -6896, -3088, 640
1588635566747, 42478, -7472, -3200, 1184
1588635566775, 42506, -7920, -3504, 1392
1588635566804, 42534, -7872, -3168, 1120
1588635566830, 42562, -7904, -2928, 624
1588635566858, 42589, -6400, -2592, 1120
1588635566886, 42618, -5728, -2880, 880
1588635566913, 42645, -5056, -3248, 928
1588635566940, 42672, -5360, -3104, 608
1588635566967, 42699, -5536, -3168, 640
1588635566994, 42726, -5840, -3424, 800
1588635567022, 42753, -5888, -4016, 1168
1588635567050, 42781, -6064, -4016, 1456
1588635567078, 42809, -6304, -4496, 1456
1588635567107, 42837, -7024, -4784, 1792
1588635567134, 42866, -7952, -4944, 2208
1588635567162, 42894, -8944, -5376, 1936
1588635567192, 42922, -10192, -5344, 1280
1588635567221, 42951, -13312, -6464, 1696
1588635567250, 42980, -11536, -6240, 1712
1588635567279, 43009, -11232, -4880, 1024
1588635567308, 43038, -7296, -4048, 1008
1588635567334, 43067, -6672, -3984, 512
1588635567361, 43094, -7424, -3952, 192
1588635567389, 43121, -8240, -3920, 240
1588635567416, 43148, -8384, -3920, 480
1588635567442, 43175, -7616, -3600, 448
1588635567471, 43202, -6944, -3104, 176
1588635567496, 43229, -6528, -2752, 16
1588635567525, 43255, -6464, -2832, -128
1588635567549, 43283, -6400, -2768, 0
1588635567576, 43308, -7056, -2656, -32
1588635567603, 43335, -7040, -2368, -48
1588635567630, 43362, -7264, -2432, -48
1588635567657, 43389, -7712, -2560, -80
1588635567685, 43417, -8240, -2688, -128
1588635567712, 43445, -8672, -2656, 96
1588635567738, 43471, -8304, -2320, 400
1588635567765, 43498, -7008, -1936, 720
1588635567792, 43525, -8336, -1968, 64
1588635567819, 43551, -9360, -2640, 592
1588635567846, 43578, -8496, -2864, 928
1588635567874, 43605, -8384, -3168, 1104
1588635567903, 43633, -7168, -3280, 1056
1588635567930, 43661, -7264, -3184, 1168
1588635567958, 43689, -7072, -3328, 1216
1588635567986, 43718, -7056, -3152, 1184
1588635568014, 43746, -6800, -3056, 656
1588635568040, 43773, -6624, -2528, 704
1588635568067, 43800, -6624, -2480, 752
1588635568095, 43827, -6256, -3696, 608
1588635568122, 43854, -6400, -3200, 576
1588635568149, 43881, -6560, -4368, 640
1588635568177, 43908, -6864, -4640, 816
1588635568204, 43935, -6720, -4320, 912
1588635568230, 43962, -6544, -4656, 928
1588635568257, 43989, -6640, -4432, 912
1588635568286, 44017, -6960, -5296, 1088
1588635568314, 44045, -8368, -5536, 1264
1588635568342, 44073, -9376, -5520, 1280
1588635568370, 44101, -10096, -5168, 784
1588635568399, 44129, -10304, -5840, 1424
1588635568429, 44158, -10560, -5776, 1328
1588635568456, 44187, -8864, -4896, 1024
1588635568483, 44216, -6672, -4384, 512
1588635568511, 44243, -6624, -4256, 352
1588635568537, 44270, -7440, -4432, 304
1588635568564, 44297, -8128, -4448, 448
1588635568592, 44324, -8368, -4080, 16
1588635568618, 44350, -8224, -3760, 128
1588635568645, 44377, -7296, -3472, -48
1588635568672, 44404, -7056, -2896, -64
1588635568699, 44431, -6768, -2544, 240
1588635568727, 44458, -6944, -2784, 160
1588635568752, 44485, -6928, -2720, 64
1588635568779, 44511, -6864, -2240, 48
1588635568805, 44537, -7152, -2288, 160
1588635568832, 44564, -7536, -2336, 16
1588635568857, 44591, -8176, -2528, 0
1588635568884, 44616, -8464, -2672, 400
1588635568910, 44643, -8528, -2656, 688
1588635568938, 44670, -8528, -2304, 192
1588635568964, 44697, -8448, -2096, 352
1588635568993, 44724, -10592, -2304, 224
1588635569020, 44752, -9408, -2064, 896
1588635569048, 44779, -6384, -2720, 1056
1588635569076, 44807, -5856, -2992, 1120
1588635569105, 44835, -7712, -3264, 1056
1588635569132, 44863, -8864, -3600, 1104
1588635569160, 44892, -8912, -3024, 704
1588635569187, 44919, -8304, -2912, -544
1588635569215, 44947, -7008, -3024, 640
1588635569241, 44974, -6896, -2624, 688
1588635569269, 45001, -5968, -4432, 656
1588635569297, 45028, -5152, -4672, 176
1588635569323, 45055, -5264, -4272, 384
1588635569350, 45082, -5712, -4432, 416
1588635569377, 45109, -6176, -4048, 784
1588635569405, 45136, -6336, -3776, 1040
1588635569433, 45164, -6176, -4672, 992
1588635569461, 45192, -7536, -5392, 1296
1588635569489, 45220, -8304, -6864, 1120
1588635569517, 45248, -9168, -6320, 1040
1588635569544, 45276, -8832, -5504, 720
1588635569572, 45303, -11568, -5744, 944
1588635569601, 45331, -10240, -6208, 1408
1588635569628, 45360, -7680, -5376, 352
1588635569656, 45387, -8656, -4880, 384
1588635569683, 45414, -7904, -4848, 272
1588635569710, 45442, -8464, -4384, -176
1588635569737, 45470, -8768, -4272, -16
1588635569764, 45497, -8672, -4304, 128
1588635569791, 45524, -7936, -4192, 32
1588635569819, 45550, -7472, -3664, -256
1588635569848, 45578, -7040, -3168, -304
1588635569876, 45606, -6816, -2608, -224
1588635569902, 45634, -6800, -2624, -64
1588635569930, 45661, -6784, -2288, -160
1588635569959, 45689, -6768, -2128, -144
1588635569987, 45718, -6992, -2400, -192
1588635570014, 45746, -7600, -2528, -112
1588635570041, 45774, -8224, -2640, 96
1588635570066, 45800, -8336, -2656, 0
1588635570092, 45825, -8144, -2576, 224
1588635570120, 45852, -7920, -2480, 224
1588635570147, 45879, -8192, -2944, 272
1588635570175, 45906, -10288, -2960, 400
1588635570202, 45934, -9568, -2176, 832
1588635570231, 45961, -6512, -2496, 1328
1588635570258, 45989, -6288, -3088, 1072
1588635570285, 46018, -8304, -3136, 928
1588635570314, 46045, -9024, -3728, 1264
1588635570341, 46073, -8624, -3456, 912
1588635570368, 46100, -8256, -2592, 848
1588635570395, 46127, -6784, -3120, 528
1588635570422, 46154, -5952, -3104, 592
1588635570449, 46181, -5392, -4720, 672
1588635570476, 46208, -6256, -3824, 304
1588635570503, 46235, -5952, -4608, 416
1588635570530, 46262, -6560, -3856, 576
1588635570558, 46289, -6560, -3744, 768
1588635570584, 46317, -6272, -4000, 816
1588635570611, 46344, -6512, -4384, 880
1588635570640, 46371, -6816, -5568, 1088
1588635570667, 46399, -7584, -6352, 1280
1588635570695, 46427, -7616, -6800, 752
1588635570721, 46454, -9488, -6432, 464
1588635570750, 46481, -12096, -6288, 496
1588635570779, 46509, -12512, -6304, 1136
1588635570806, 46538, -9648, -5152, 576
1588635570833, 46566, -8048, -4416, 544
1588635570861, 46593, -6688, -4272, 352
1588635570889, 46620, -7312, -4192, -144
1588635570915, 46648, -8160, -4416, -80
1588635570943, 46675, -8352, -4224, 144
1588635570968, 46702, -8320, -4016, 64
1588635570997, 46728, -7824, -3648, -176
1588635571025, 46756, -7440, -3024, -240
1588635571053, 46784, -7136, -2880, -256
1588635571080, 46812, -7024, -2752, -80
1588635571108, 46839, -6576, -2272, -80
1588635571136, 46867, -6400, -2208, -112
1588635571164, 46895, -6336, -2208, -240
1588635571192, 46923, -6624, -2400, -432
1588635571220, 46951, -7328, -2592, -368
1588635571247, 46979, -7840, -2704, -112
1588635571275, 47007, -8176, -2656, -32
1588635571302, 47034, -8192, -2560, 128
1588635571329, 47061, -7856, -2512, 192
1588635571356, 47088, -7760, -2720, 208
1588635571385, 47116, -10208, -3024, 512
1588635571412, 47144, -7936, -2576, 704
1588635571440, 47171, -7344, -3040, 1216
1588635571468, 47199, -6208, -3488, 1600
1588635571496, 47227, -7520, -3440, 1184
1588635571524, 47255, -8704, -4016, 1472
1588635571552, 47283, -8768, -3952, 640
1588635571579, 47310, -8960, -3328, 720
1588635571605, 47337, -8480, -2448, 880
1588635571633, 47364, -6560, -4096, 992
1588635571660, 47392, -6096, -4080, 688
1588635571686, 47419, -6032, -4112, 592
1588635571713, 47446, -5568, -4032, 240
1588635571740, 47473, -5520, -3312, 336
1588635571768, 47500, -5712, -3360, 512
1588635571795, 47527, -5728, -3360, 432
1588635571821, 47554, -6016, -3952, 752
1588635571850, 47581, -6176, -4304, 1088
1588635571878, 47609, -6976, -4736, 1216
1588635571907, 47637, -8096, -4976, 1472
1588635571934, 47666, -8656, -5408, 1440
1588635571962, 47694, -8816, -4736, 416
1588635571988, 47721, -8976, -5152, 864
1588635572018, 47748, -12128, -5824, 1792
1588635572047, 47777, -11168, -5056, 672
1588635572074, 47805, -8976, -4368, 416
1588635572101, 47832, -7200, -4064, 416
1588635572127, 47859, -7744, -4144, 96
1588635572152, 47885, -8416, -4240, 32
1588635572179, 47911, -8416, -4272, 112
1588635572205, 47938, -8896, -4192, 80
1588635572234, 47964, -8304, -3904, -240
1588635572262, 47993, -7936, -3392, -224
1588635572290, 48021, -8016, -3040, -160
1588635572318, 48049, -7104, -3024, -96
1588635572346, 48076, -6912, -2880, -192
1588635572373, 48104, -6624, -2528, -144
1588635572401, 48132, -6512, -2352, -160
1588635572430, 48160, -6512, -2256, -256
1588635572457, 48188, -6576, -2256, -224
1588635572482, 48217, -7072, -2240, 0
1588635572509, 48242, -7360, -2448, 64
1588635572535, 48268, -7760, -2464, 192
1588635572563, 48295, -7744, -2368, 160
1588635572590, 48322, -6688, -2384, 336
1588635572616, 48349, -8640, -2464, 416
1588635572644, 48376, -9904, -3344, 784
1588635572672, 48403, -8160, -3056, 1008
1588635572699, 48431, -8192, -2816, 1248
1588635572728, 48459, -7456, -3664, 1552
1588635572757, 48487, -7392, -4240, 1744
1588635572784, 48516, -8624, -4736, 1680
1588635572812, 48544, -8496, -4288, 1040
1588635572841, 48572, -8768, -3552, -656
1588635572867, 48600, -8832, -2384, 640
1588635572896, 48627, -7824, -2592, 768
1588635572922, 48654, -6800, -3408, 592
1588635572949, 48681, -6272, -3680, 176
1588635572975, 48708, -5744, -3968, 64
1588635573002, 48734, -5376, -4400, 240
1588635573029, 48761, -5440, -4128, 240
1588635573056, 48788, -5200, -4032, 384
1588635573083, 48816, -5152, -3712, 704
1588635573110, 48843, -6240, -3888, 656
1588635573137, 48870, -6768, -4208, 768
1588635573166, 48897, -7376, -5008, 1280
1588635573194, 48925, -8080, -5680, 1568
1588635573222, 48953, -8112, -5424, 1216
1588635573248, 48981, -9232, -4656, 176
1588635573278, 49008, -13280, -5520, 928
1588635573306, 49036, -11104, -6128, 1392
1588635573331, 49066, -7648, -4512, 0
1588635573358, 49091, -7344, -3600, -64
1588635573384, 49118, -7664, -3712, 0
1588635573411, 49143, -7984, -4224, -400
1588635573440, 49171, -8624, -4704, -848
1588635573468, 49199, -8704, -5200, -816
1588635573496, 49227, -8448, -5328, -384
1588635573524, 49255, -8400, -4272, -624
1588635573552, 49283, -8208, -3376, -688
1588635573580, 49311, -8080, -3008, -496
1588635573608, 49339, -8368, -3344, -480
1588635573637, 49368, -8896, -3152, -512
1588635573665, 49396, -8944, -2784, -368
1588635573693, 49424, -8976, -2768, -256
1588635573721, 49452, -7552, -2624, -208
1588635573748, 49480, -6736, -2416, -80
1588635573775, 49507, -5616, -2400, -80
1588635573801, 49534, -4656, -2304, 32
1588635573828, 49560, -4160, -2048, 240
1588635573856, 49587, -4048, -1808, 464
1588635573883, 49614, -3568, -1328, 416
1588635573909, 49642, -2624, -1184, 416
1588635573936, 49669, -1600, -1520, 416
1588635573964, 49696, -1168, -2480, 784
1588635573992, 49723, -2864, -3584, 1024
1588635574019, 49751, -6464, -4336, 1696
1588635574047, 49779, -8944, -4256, 560
1588635574075, 49806, -9120, -3392, 608
1588635574103, 49833, -14192, -6272, 1568
1588635574133, 49862, -13376, -8256, 2320
1588635574162, 49892, -12816, -8384, 1232
1588635574190, 49921, -12688, -8144, 704
1588635574218, 49949, -12400, -8528, 1920
1588635574247, 49978, -8720, -6960, 2832
1588635574275, 50006, -8096, -5312, 2720
1588635574303, 50034, -7360, -3888, 1568
1588635574330, 50062, -7264, -2848, 592
1588635574356, 50089, -6032, -3536, 0
1588635574383, 50114, -5904, -3520, 112
1588635574409, 50142, -6016, -3952, 176
1588635574437, 50169, -6096, -4304, 752
1588635574464, 50196, -5744, -4176, 672
1588635574490, 50223, -6032, -3744, 16
1588635574516, 50249, -6560, -3776, 320
1588635574544, 50276, -7104, -3808, 608
1588635574571, 50303, -8080, -3952, 720
1588635574599, 50330, -8400, -4256, 1728
1588635574627, 50358, -7376, -4320, 1936
1588635574655, 50386, -6096, -4288, 1264
1588635574683, 50414, -6048, -4096, 1120
1588635574711, 50443, -6032, -4160, 912
1588635574737, 50470, -8272, -4032, 656
1588635574764, 50497, -8656, -4000, 688
1588635574792, 50524, -8368, -3488, 752
1588635574819, 50551, -7504, -3072, 624
1588635574846, 50578, -6768, -3056, 432
1588635574873, 50605, -6768, -3232, 224
1588635574899, 50632, -7472, -3792, 224
1588635574927, 50659, -7952, -3856, 160
1588635574955, 50686, -8352, -3568, 192
1588635574981, 50713, -8384, -3296, 272
1588635575009, 50741, -8096, -3136, 400
1588635575036, 50768, -7488, -3152, 400
1588635575063, 50795, -6992, -3296, 336
1588635575090, 50822, -6864, -3216, 160
1588635575117, 50849, -7264, -3088, 208
1588635575144, 50876, -7664, -3008, 224
1588635575170, 50903, -7808, -2848, 224
1588635575198, 50930, -7536, -2848, 288
1588635575225, 50957, -7072, -2880, 272
1588635575253, 50984, -6656, -2880, 384
1588635575279, 51011, -6464, -2880, 528
1588635575307, 51038, -6400, -2832, 640
1588635575333, 51066, -6624, -2752, 704
1588635575360, 51093, -6832, -2736, 752
1588635575388, 51120, -7040, -2816, 816
1588635575415, 51147, -6992, -2944, 960
1588635575443, 51174, -6976, -3136, 1008
1588635575471, 51202, -7216, -3344, 1344
1588635575499, 51230, -7360, -3600, 1264
1588635575527, 51258, -7552, -3696, 1376
1588635575556, 51286, -7504, -3776, 1216
1588635575583, 51314, -7712, -3712, 1152
1588635575612, 51343, -7728, -3584, 1040
1588635575640, 51371, -7840, -3568, 1040
1588635575667, 51399, -7792, -3456, 688
1588635575694, 51426, -7600, -3600, 496
1588635575721, 51453, -7392, -3744, 480
1588635575747, 51480, -7392, -3616, 512
1588635575776, 51507, -7328, -3776, 432
1588635575802, 51534, -7264, -3744, 400
1588635575829, 51561, -7136, -3760, 400
1588635575856, 51588, -7104, -3776, 480
1588635575883, 51616, -7184, -3696, 544
1588635575910, 51643, -7232, -3680, 512
1588635575937, 51670, -6864, -3760, 480
1588635575965, 51697, -7216, -3792, 464
1588635575991, 51724, -7232, -3904, 560
1588635576019, 51751, -7152, -3872, 480
1588635576046, 51778, -7248, -3872, 784
1588635576073, 51805, -7216, -3744, 784
1588635576100, 51832, -7200, -3664, 592
1588635576128, 51859, -7168, -3680, 816
1588635576154, 51886, -7200, -3536, 624
1588635576181, 51913, -7168, -3472, 656
1588635576208, 51941, -7120, -3408, 592
1588635576236, 51968, -7280, -3536, 544
1588635576263, 51995, -7296, -3552, 496
1588635576290, 52022, -7280, -3568, 416
1588635576317, 52049, -7312, -3504, 464
1588635576344, 52076, -7424, -3488, 480
1588635576371, 52103, -7360, -3536, 416
1588635576398, 52130, -7424, -3424, 432
1588635576425, 52157, -7488, -3328, 432
1588635576452, 52184, -7456, -3248, 416
1588635576479, 52211, -7376, -3248, 432
1588635576506, 52238, -7344, -3200, 432
1588635576534, 52266, -7328, -3232, 304
1588635576561, 52293, -7280, -3120, 176
1588635576588, 52320, -7296, -3072, 416
1588635576615, 52347, -7200, -2976, 560
1588635576641, 52374, -7168, -2944, 288
1588635576669, 52401, -7232, -2944, 496
1588635576696, 52428, -7136, -2944, 416
1588635576723, 52455, -7008, -3040, 352
1588635576751, 52482, -7152, -3088, 416
1588635576777, 52509, -7216, -3152, 400
1588635576805, 52536, -7024, -3136, 560
1588635576832, 52563, -7248, -3184, 496
1588635576858, 52591, -7232, -3344, 624
1588635576885, 52618, -7280, -3440, 528
1588635576913, 52645, -7376, -3424, 560
1588635576940, 52672, -7296, -3440, 560
1588635576966, 52699, -7232, -3488, 496
1588635576993, 52726, -7168, -3504, 544
1588635577021, 52753, -7216, -3648, 496
1588635577047, 52780, -7200, -3648, 576
1588635577076, 52807, -7232, -3648, 496
1588635577102, 52834, -7280, -3680, 528
1588635577130, 52861, -7264, -3584, 528
1588635577157, 52888, -7216, -3680, 528
1588635577183, 52916, -7104, -3712, 688
1588635577211, 52943, -7232, -3792, 720
1588635577238, 52970, -7024, -3696, 624
1588635577265, 52997, -7136, -3696, 448
1588635577291, 53024, -7280, -3760, 720
1588635577319, 53051, -7152, -3728, 512
1588635577346, 53078, -7184, -3696, 320
1588635577373, 53105, -7200, -3616, 464
1588635577399, 53132, -7232, -3632, 640
1588635577428, 53159, -7248, -3600, 496
1588635577454, 53186, -7232, -3504, 512
1588635577482, 53213, -7216, -3520, 368
1588635577509, 53241, -7200, -3424, 480
1588635577536, 53268, -7184, -3376, 528
1588635577563, 53295, -7248, -3344, 464
1588635577589, 53322, -7248, -3408, 464
1588635577617, 53349, -7296, -3408, 528
1588635577644, 53376, -7264, -3344, 464
1588635577670, 53403, -7264, -3264, 464
1588635577698, 53430, -7328, -3280, 448
1588635577726, 53457, -7280, -3312, 480
1588635577752, 53484, -7296, -3264, 480
1588635577779, 53511, -7280, -3248, 400
1588635577806, 53538, -7312, -3200, 400
1588635577834, 53566, -7264, -3120, 432
1588635577861, 53593, -7136, -3136, 464
1588635577887, 53620, -7120, -3152, 448
1588635577915, 53647, -7136, -3168, 416
1588635577941, 53674, -7248, -3232, 608
1588635577969, 53701, -7168, -3200, 432
1588635577995, 53728, -7264, -3280, 528
1588635578023, 53755, -7168, -3376, 464
1588635578050, 53782, -7232, -3392, 608
1588635578077, 53809, -7088, -3504, 464
1588635578104, 53836, -7296, -3440, 576
1588635578131, 53863, -7184, -3392, 448
1588635578159, 53891, -7248, -3520, 512
1588635578185, 53918, -7232, -3536, 512
1588635578213, 53945, -7200, -3552, 528
1588635578240, 53972, -7200, -3568, 480
1588635578267, 53999, -7184, -3520, 528
1588635578294, 54026, -7232, -3600, 496
1588635578321, 54053, -7216, -3632, 512
1588635578347, 54080, -7264, -3600, 480
1588635578375, 54107, -7232, -3616, 528
1588635578403, 54134, -7184, -3648, 528
1588635578430, 54161, -7216, -3616, 544
1588635578457, 54188, -7200, -3632, 528
1588635578483, 54216, -7200, -3568, 624
1588635578511, 54243, -7136, -3584, 624
1588635578537, 54270, -7152, -3520, 384
1588635578565, 54297, -7088, -3504, 384
1588635578591, 54324, -7168, -3456, 432
1588635578619, 54351, -7216, -3504, 336
1588635578645, 54378, -7200, -3424, 576
1588635578673, 54405, -7408, -3360, 448
1588635578699, 54432, -7232, -3424, 416
1588635578727, 54459, -7152, -3456, 496
1588635578754, 54486, -7056, -3392, 608
1588635578781, 54513, -7136, -3312, 432
1588635578809, 54541, -7248, -3296, 496
1588635578836, 54568, -7264, -3264, 448
1588635578863, 54595, -7328, -3280, 448
1588635578890, 54622, -7296, -3328, 384
1588635578917, 54649, -7216, -3360, 336
1588635578944, 54676, -7168, -3264, 320
1588635578971, 54703, -7216, -3360, 384
1588635578998, 54730, -7120, -3344, 304
1588635579025, 54757, -7184, -3344, 368
1588635579053, 54784, -7136, -3376, 416
1588635579079, 54811, -7120, -3456, 368
1588635579106, 54838, -7216, -3440, 384
1588635579133, 54866, -7200, -3488, 336
1588635579160, 54893, -7200, -3536, 464
1588635579188, 54920, -7360, -3504, 528
1588635579214, 54947, -7216, -3600, 400
1588635579241, 54974, -7232, -3472, 432
1588635579269, 55001, -7312, -3488, 320
1588635579296, 55028, -7168, -3456, 208
1588635579323, 55055, -7248, -3408, 304
1588635579350, 55082, -7200, -3440, 320
1588635579378, 55109, -7280, -3456, 320
1588635579404, 55136, -7232, -3536, 336
1588635579432, 55163, -7264, -3536, 256
1588635579459, 55191, -7216, -3520, 368
1588635579485, 55218, -7200, -3456, 480
1588635579513, 55245, -7152, -3936, 592
1588635579540, 55272, -7568, -3504, 528
1588635579566, 55299, -7696, -4048, 320
1588635579593, 55326, -7408, -4592, 128
1588635579621, 55353, -6960, -4992, -80
1588635579649, 55380, -6624, -4960, -192
1588635579677, 55408, -6336, -4880, -192
1588635579706, 55436, -6192, -4608, -320
1588635579733, 55464, -6080, -4480, -464
1588635579762, 55493, -6192, -4464, -432
1588635579790, 55521, -6112, -4720, -352
1588635579818, 55549, -6176, -4336, -384
1588635579846, 55577, -6304, -4224, -464
1588635579875, 55605, -6176, -4256, -368
1588635579902, 55633, -6512, -4080, -304
1588635579931, 55661, -6576, -3808, -224
1588635579959, 55689, -6624, -3648, -144
1588635579987, 55718, -6768, -3504, -176
1588635580014, 55746, -6800, -3776, -128
1588635580042, 55774, -6752, -4112, -96
1588635580068, 55801, -6800, -4160, -96
1588635580097, 55828, -6768, -4016, -112
1588635580125, 55856, -6800, -3984, -128
1588635580154, 55884, -6800, -3888, -192
1588635580179, 55912, -6976, -3936, 0
1588635580204, 55937, -7104, -4000, 16
1588635580230, 55963, -7152, -4016, 64
1588635580258, 55989, -7120, -3968, 208
1588635580284, 56017, -7024, -3792, 144
1588635580311, 56044, -7168, -3808, 160
1588635580338, 56071, -7200, -3920, 208
1588635580365, 56098, -7280, -3936, 192
1588635580393, 56125, -7248, -3904, 240
1588635580420, 56152, -7200, -3840, 176
1588635580447, 56179, -7152, -3760, 176
1588635580474, 56206, -7152, -3760, 224
1588635580501, 56233, -7088, -3744, 240
1588635580528, 56260, -7104, -3744, 192
1588635580555, 56287, -7104, -3792, 256
1588635580583, 56314, -7072, -3648, 288
1588635580610, 56342, -7168, -3552, 208
1588635580636, 56369, -7184, -3600, 320
1588635580663, 56396, -7024, -3568, 272
1588635580690, 56423, -7248, -3568, 272
1588635580717, 56450, -6992, -3568, 304
1588635580745, 56477, -7152, -3568, 368
1588635580772, 56504, -7232, -3456, 368
1588635580799, 56531, -7056, -3504, 272
1588635580826, 56558, -7232, -3488, 576
1588635580854, 56585, -7184, -3568, 432
1588635580881, 56612, -7120, -3648, 144
1588635580908, 56639, -7168, -3680, 480
1588635580934, 56667, -7312, -3536, 368
1588635580962, 56694, -7008, -3360, 320
1588635580988, 56721, -6720, -3424, 352
1588635581017, 56748, -6528, -3408, 256
1588635581043, 56775, -6832, -3440, 240
1588635581070, 56802, -7408, -3424, 272
1588635581097, 56829, -7808, -3536, 208
1588635581123, 56856, -8016, -3520, 208
1588635581151, 56883, -7968, -3456, 224
1588635581178, 56910, -7648, -3568, 144
1588635581204, 56937, -7152, -3584, 80
1588635581230, 56963, -6928, -3392, 80
1588635581256, 56989, -6736, -3536, 48
1588635581283, 57016, -6880, -3648, 160
1588635581310, 57043, -6864, -3584, 224
1588635581338, 57070, -6880, -3312, 208
1588635581365, 57097, -7024, -3280, 304
1588635581392, 57124, -7024, -3328, 240
1588635581419, 57151, -7072, -3376, 224
1588635581446, 57178, -7184, -3520, 144
1588635581473, 57205, -7264, -3648, 208
1588635581499, 57232, -7264, -3632, 96
1588635581527, 57258, -7360, -3552, 208
1588635581553, 57285, -7344, -3520, 512
1588635581580, 57312, -7200, -3456, 416
1588635581608, 57339, -8208, -3472, 352
1588635581635, 57367, -9104, -3824, 496
1588635581662, 57394, -8672, -3488, 496
1588635581689, 57421, -8112, -3072, 576
1588635581716, 57448, -7600, -3312, 672
1588635581743, 57475, -7264, -3696, 912
1588635581770, 57502, -7584, -3744, 1168
1588635581800, 57530, -7344, -3536, 1232
1588635581826, 57558, -6912, -2688, 992
1588635581853, 57585, -6672, -2288, 960
1588635581881, 57612, -6688, -2416, 1104
1588635581910, 57641, -7184, -2944, 1040
1588635581936, 57669, -7360, -3280, 992
1588635581965, 57696, -7264, -3392, 1008
1588635581993, 57724, -7136, -3152, 1216
1588635582021, 57752, -6448, -2784, 1200
1588635582048, 57780, -6448, -2464, 1248
1588635582077, 57808, -6592, -2640, 1248
1588635582106, 57836, -6864, -2896, 1232
1588635582133, 57864, -6880, -3152, 1216
1588635582162, 57893, -6704, -3136, 1248
1588635582190, 57921, -6560, -3056, 1248
1588635582218, 57949, -6416, -3056, 1328
1588635582245, 57977, -6272, -3088, 1200
1588635582275, 58005, -6352, -3280, 1248
1588635582302, 58033, -6304, -3392, 1296
1588635582330, 58061, -6960, -3424, 1248
1588635582358, 58089, -7440, -3440, 960
1588635582385, 58117, -9056, -3552, 912
1588635582412, 58144, -9936, -4160, 1344
1588635582440, 58172, -8768, -4080, 992
1588635582466, 58199, -8720, -3792, 608
1588635582494, 58226, -8208, -3856, 288
1588635582521, 58253, -7696, -3536, 336
1588635582548, 58280, -7472, -3456, 224
1588635582575, 58307, -7280, -3408, 128
1588635582602, 58334, -6752, -3472, 224
1588635582630, 58361, -6912, -3600, -64
1588635582655, 58388, -7168, -3680, 96
1588635582683, 58414, -7216, -3648, 144
1588635582708, 58442, -7376, -3408, 16
1588635582735, 58468, -7248, -3280, 96
1588635582760, 58494, -7040, -3216, 96
1588635582787, 58520, -6976, -3152, 64
1588635582813, 58546, -7008, -3168, 128
1588635582840, 58573, -7248, -3264, 176
1588635582867, 58600, -7344, -3168, 80
1588635582894, 58626, -7232, -3200, 112
1588635582921, 58653, -7184, -3376, 128
1588635582948, 58680, -6976, -3520, -32
1588635582974, 58707, -7088, -3616, 32
1588635583000, 58733, -7072, -3440, -48
1588635583027, 58760, -7040, -3440, 32
1588635583054, 58786, -7040, -3568, 224
1588635583081, 58813, -7072, -3584, 416
1588635583109, 58840, -8000, -3552, 320
1588635583135, 58868, -8896, -3680, 352
1588635583162, 58895, -8160, -3696, 528
1588635583190, 58922, -7424, -3552, 832
1588635583216, 58949, -7312, -3648, 912
1588635583245, 58976, -7184, -3776, 1136
1588635583273, 59004, -7088, -3680, 1376
1588635583300, 59032, -6736, -3376, 1312
1588635583329, 59060, -6336, -2800, 1168
1588635583358, 59088, -6624, -3040, 1344
1588635583385, 59117, -6864, -3280, 1392
1588635583414, 59145, -6944, -3472, 1312
1588635583442, 59173, -7264, -3488, 1152
1588635583469, 59201, -7408, -3344, 1280
1588635583498, 59229, -7120, -3296, 1072
1588635583526, 59257, -7152, -3216, 1184
1588635583554, 59285, -6672, -3344, 1072
1588635583581, 59313, -6608, -3328, 944
1588635583609, 59340, -6688, -3296, 880
1588635583636, 59368, -6816, -3488, 848
1588635583663, 59395, -6944, -3584, 784
1588635583690, 59422, -6976, -3696, 720
1588635583717, 59449, -6944, -3584, 768
1588635583743, 59476, -6848, -3568, 784
1588635583771, 59503, -6768, -3488, 816
1588635583797, 59530, -6896, -3440, 832
1588635583825, 59557, -7008, -3440, 800
1588635583851, 59584, -7344, -3376, 896
1588635583879, 59611, -7504, -3280, 752
1588635583906, 59638, -7472, -3280, 816
1588635583934, 59665, -7744, -3408, 624
1588635583961, 59693, -8528, -3488, 576
1588635583988, 59720, -8208, -3520, 704
1588635584015, 59747, -7056, -3056, 480
1588635584041, 59774, -7024, -2704, 144
1588635584067, 59801, -7056, -2880, 48
1588635584096, 59827, -7296, -3008, -240
1588635584124, 59855, -7744, -3488, -544
1588635584152, 59883, -7584, -3792, -608
1588635584180, 59911, -7168, -3888, -576
1588635584208, 59939, -6528, -3856, -688
1588635584237, 59968, -6448, -3808, -560
1588635584265, 59996, -6816, -3792, -560
1588635584293, 60024, -7408, -3648, -464
1588635584321, 60052, -7536, -3600, -448
1588635584349, 60080, -7824, -3616, -416
1588635584377, 60108, -7744, -3472, -448
1588635584405, 60136, -7536, -3248, -400
1588635584434, 60164, -7312, -3184, -352
1588635584462, 60193, -7296, -3376, -320
1588635584489, 60221, -7472, -3392, -336
1588635584517, 60249, -7424, -3344, -272
1588635584545, 60277, -7376, -3184, -176
1588635584573, 60305, -7536, -3184, -176
1588635584602, 60333, -7664, -3088, -128
1588635584630, 60361, -7584, -3056, -176
1588635584659, 60389, -7360, -3072, -224
1588635584685, 60418, -7504, -3184, -16
1588635584712, 60445, -7600, -3232, 16
1588635584739, 60471, -7504, -3136, 112
1588635584766, 60498, -7488, -3120, 176
1588635584792, 60525, -7536, -3184, 272
1588635584819, 60552, -7488, -3216, 320
1588635584847, 60579, -7808, -3312, 368
1588635584874, 60606, -8208, -3536, 416
1588635584901, 60633, -7728, -3584, 512
1588635584928, 60660, -6912, -3168, 576
1588635584955, 60687, -6416, -3008, 640
1588635584982, 60714, -6704, -3136, 656
1588635585010, 60742, -7264, -3520, 672
1588635585036, 60769, -7232, -3776, 736
1588635585063, 60796, -7504, -3840, 752
1588635585090, 60823, -7360, -3984, 624
1588635585118, 60850, -6480, -3952, 752
1588635585145, 60877, -6304, -4128, 608
1588635585172, 60904, -6640, -4112, 672
1588635585198, 60931, -6752, -3840, 864
1588635585227, 60958, -6784, -3712, 928
1588635585253, 60985, -6896, -4016, 880
1588635585280, 61012, -7120, -4000, 864
1588635585307, 61039, -7168, -3760, 640
1588635585334, 61067, -7232, -3808, 848
1588635585362, 61094, -6896, -3632, 720
1588635585389, 61121, -6848, -3376, 560
1588635585415, 61148, -7136, -3440, 480
1588635585442, 61175, -7360, -3616, 368
1588635585470, 61202, -7504, -3424, 368
1588635585497, 61229, -7472, -3424, 368
1588635585527, 61256, -7200, -3392, 384
1588635585552, 61283, -6832, -3360, 352
1588635585578, 61310, -6720, -3360, 384
1588635585607, 61337, -6784, -3232, 384
1588635585632, 61364, -6880, -3200, 368
1588635585660, 61392, -7072, -3264, 336
1588635585686, 61419, -7072, -3376, 480
1588635585714, 61446, -7376, -3552, 736
1588635585741, 61473, -7200, -3712, 448
1588635585768, 61500, -7488, -3856, 496
1588635585795, 61527, -7424, -3728, 848
1588635585822, 61554, -7120, -3504, 576
1588635585849, 61581, -7152, -3360, 624
1588635585876, 61608, -7088, -3216, 720
1588635585904, 61635, -7296, -3520, 576
1588635585930, 61662, -7376, -3632, 672
1588635585957, 61689, -7312, -3616, 480
1588635585984, 61717, -7072, -3632, 464
1588635586012, 61744, -7104, -3568, 624
1588635586039, 61771, -7280, -3456, 656
1588635586065, 61798, -7360, -3360, 672
1588635586093, 61825, -7360, -3232, 656
1588635586120, 61852, -7456, -3344, 592
1588635586147, 61879, -7312, -3440, 544
1588635586174, 61906, -7248, -3472, 512
1588635586200, 61933, -7152, -3536, 576
1588635586229, 61960, -7136, -3344, 608
1588635586255, 61987, -7200, -3232, 544
1588635586282, 62014, -7184, -3280, 544
1588635586310, 62042, -7264, -3360, 720
1588635586336, 62069, -7344, -3408, 704
1588635586363, 62096, -7376, -3472, 272
1588635586390, 62123, -7280, -3392, 512
1588635586418, 62150, -7056, -3360, 688
1588635586444, 62177, -7200, -3520, 608
1588635586472, 62204, -7264, -3488, 688
1588635586498, 62231, -7120, -3472, 480
1588635586527, 62258, -7216, -3568, 608
1588635586553, 62285, -7200, -3504, 496
1588635586581, 62312, -7216, -3488, 448
1588635586607, 62339, -7168, -3584, 560
1588635586634, 62367, -7184, -3440, 560
1588635586661, 62394, -7248, -3360, 512
1588635586689, 62421, -7152, -3440, 496
1588635586716, 62448, -7184, -3440, 480
1588635586742, 62475, -7216, -3408, 512
1588635586770, 62502, -7232, -3488, 528
1588635586797, 62529, -7248, -3392, 464
1588635586824, 62556, -7232, -3392, 432
1588635586851, 62583, -7264, -3408, 480
1588635586877, 62610, -7264, -3424, 384
1588635586905, 62637, -7216, -3424, 464
1588635586932, 62664, -7120, -3328, 480
1588635586959, 62692, -7248, -3312, 672
1588635586986, 62719, -7184, -3344, 464
1588635587013, 62746, -7200, -3456, 352
1588635587041, 62773, -7280, -3440, 592
1588635587068, 62800, -7328, -3440, 448
1588635587095, 62827, -7136, -3424, 544
1588635587122, 62854, -7312, -3456, 496
1588635587149, 62881, -7216, -3392, 544
1588635587175, 62908, -7264, -3456, 624
1588635587204, 62935, -7248, -3424, 464
1588635587231, 62962, -7264, -3440, 592
1588635587257, 62989, -7248, -3328, 752
1588635587284, 63017, -7216, -3392, 560
1588635587311, 63044, -7200, -3472, 528
1588635587339, 63071, -7200, -3472, 576
1588635587366, 63098, -7248, -3376, 544
1588635587394, 63125, -7216, -3344, 464
1588635587420, 63152, -7232, -3376, 528
1588635587447, 63179, -7200, -3408, 496
1588635587480, 63206, -7168, -3424, 480
1588635587501, 63233, -7136, -3392, 496
1588635587528, 63260, -7232, -3408, 480
1588635587556, 63287, -7248, -3440, 480
1588635587582, 63314, -7296, -3376, 448
1588635587609, 63342, -7248, -3408, 320
1588635587636, 63369, -7056, -3440, 528
1588635587664, 63396, -7184, -3392, 480
1588635587691, 63423, -7152, -3360, 448
1588635587718, 63450, -7168, -3344, 496
1588635587745, 63477, -7296, -3424, 512
1588635587772, 63504, -7136, -3424, 656
1588635587799, 63531, -7344, -3536, 560
1588635587827, 63558, -7200, -3392, 432
1588635587853, 63585, -7232, -3408, 736
1588635587881, 63612, -7232, -3344, 688
1588635587907, 63639, -7280, -3328, 352
1588635587934, 63667, -7248, -3360, 592
1588635587962, 63694, -7264, -3424, 496
1588635587989, 63721, -7184, -3376, 512
1588635588016, 63748, -7264, -3392, 528
1588635588042, 63775, -7264, -3360, 464
1588635588069, 63802, -7232, -3440, 560
1588635588097, 63829, -7216, -3424, 496
1588635588124, 63856, -7232, -3408, 496
1588635588152, 63883, -7216, -3408, 512
1588635588179, 63910, -7264, -3408, 544
1588635588206, 63937, -7200, -3328, 464
1588635588233, 63964, -7168, -3424, 416
1588635588259, 63992, -7248, -3456, 560
1588635588286, 64019, -7184, -3440, 416
1588635588314, 64046, -7200, -3456, 448
1588635588340, 64073, -7264, -3376, 432
1588635588367, 64100, -7184, -3456, 480
1588635588395, 64127, -7120, -3376, 384
1588635588422, 64154, -7216, -3328, 416
1588635588450, 64181, -7328, -3328, 368
1588635588476, 64208, -7216, -3280, 448
1588635588503, 64235, -7328, -3392, 400
1588635588531, 64262, -7232, -3296, 448
1588635588557, 64289, -7408, -3328, 336
1588635588585, 64317, -7312, -3376, 416
1588635588611, 64344, -7152, -3280, 352
1588635588639, 64371, -7152, -3296, 400
1588635588666, 64398, -7232, -3200, 416
1588635588693, 64425, -7328, -3248, 496
1588635588720, 64452, -7200, -3200, 448
1588635588747, 64479, -7104, -3232, 496
1588635588775, 64506, -7056, -3168, 464
1588635588800, 64533, -7168, -3168, 512
1588635588828, 64560, -7280, -3248, 512
1588635588855, 64587, -7280, -3264, 560
1588635588882, 64614, -7040, -3456, 576
1588635588909, 64642, -6704, -3552, 544
1588635588936, 64669, -6320, -3712, 848
1588635588963, 64696, -5568, -3248, 560
1588635588991, 64723, -5488, -3536, 112
1588635589018, 64750, -6720, -4496, 304
1588635589043, 64777, -8160, -5232, 32
1588635589072, 64803, -8784, -5648, -288
1588635589099, 64831, -8352, -4928, -256
1588635589127, 64859, -7168, -4416, -16
1588635589153, 64886, -5984, -4000, 48
1588635589181, 64912, -6032, -3904, 192
1588635589208, 64939, -6192, -4048, 224
1588635589234, 64967, -6608, -4080, 272
1588635589261, 64994, -6944, -4048, 352
1588635589288, 65021, -7328, -3760, 352
1588635589315, 65048, -7680, -3472, 352
1588635589343, 65075, -7888, -3184, 352
1588635589370, 65102, -8080, -2896, 304
1588635589397, 65129, -8176, -3072, 352
1588635589423, 65156, -8272, -3280, 480
1588635589451, 65183, -9536, -3552, 208
1588635589479, 65210, -11776, -4096, 448
1588635589507, 65238, -10144, -3376, 448
1588635589534, 65267, -8688, -2064, 624
1588635589561, 65294, -8544, -1408, 496
1588635589588, 65321, -8208, -1920, 960
1588635589616, 65348, -8304, -2864, 960
1588635589643, 65375, -8704, -2400, 624
1588635589668, 65402, -6992, -624, 352
1588635589693, 65428, -6912, 224, 528
1588635589720, 65453, -7120, -144, 880
1588635589745, 65479, -6912, -224, 768
1588635589771, 65505, -7120, -480, 384
1588635589799, 65531, -6384, -1136, 480
1588635589827, 65558, -5680, -1920, 496
1588635589853, 65585, -5792, -2096, 384
1588635589880, 65612, -5792, -1904, 528
1588635589908, 65639, -5968, -1824, 528
1588635589934, 65667, -6176, -1888, 512
1588635589961, 65694, -6512, -2320, 592
1588635589989, 65721, -6704, -2928, 672
1588635590017, 65748, -6560, -3248, 1024
1588635590044, 65776, -6416, -3184, 1264
1588635590074, 65804, -6416, -3264, 1488
1588635590100, 65832, -6336, -3520, 1536
1588635590129, 65860, -7360, -3888, 1632
1588635590157, 65888, -8032, -4080, 1696
1588635590186, 65917, -8640, -3872, 1104
1588635590215, 65945, -12080, -4768, 1664
1588635590244, 65974, -11168, -5392, 2000
1588635590272, 66003, -9536, -4624, 1104
1588635590300, 66031, -6656, -3872, 1216
1588635590327, 66059, -5040, -3280, 848
1588635590355, 66086, -4912, -3504, 672
1588635590381, 66113, -6800, -3760, 672
1588635590409, 66140, -8176, -4048, 576
1588635590435, 66168, -9424, -3776, 416
1588635590462, 66195, -8416, -3408, 352
1588635590490, 66222, -7424, -2960, 272
1588635590517, 66249, -6784, -2752, 256
1588635590544, 66276, -6592, -2800, 320
1588635590571, 66303, -6432, -2608, 336
1588635590598, 66330, -6832, -2592, 320
1588635590625, 66357, -6960, -2592, 352
1588635590652, 66384, -7200, -2352, 416
1588635590679, 66411, -7120, -2368, 560
1588635590707, 66438, -7040, -2144, 544
1588635590733, 66465, -7392, -2032, 752
1588635590760, 66493, -7424, -2048, 880
1588635590787, 66520, -7408, -2064, 944
1588635590815, 66547, -7664, -2192, 688
1588635590842, 66574, -9952, -3040, 384
1588635590871, 66601, -11152, -3040, 1120
1588635590900, 66630, -9376, -3120, 1632
1588635590927, 66658, -6176, -3648, 1168
1588635590954, 66686, -7264, -3456, 896
1588635590981, 66713, -8512, -3792, 944
1588635591008, 66740, -8384, -3760, 736
1588635591035, 66768, -8368, -2784, 336
1588635591063, 66795, -6960, -3120, 720
1588635591089, 66822, -6416, -2448, 624
1588635591116, 66849, -5680, -3552, 432
1588635591143, 66876, -5584, -3712, -64
1588635591170, 66903, -5632, -3744, 96
1588635591196, 66929, -5776, -3408, 80
1588635591223, 66955, -5984, -3232, 160
1588635591250, 66982, -6240, -3552, 288
1588635591277, 67009, -6928, -3840, 400
1588635591304, 67036, -7648, -4144, 640
1588635591331, 67063, -8176, -4016, 672
1588635591358, 67090, -8656, -4096, 752
1588635591385, 67118, -9424, -4176, 592
1588635591413, 67145, -10224, -3984, 496
1588635591442, 67173, -10032, -4064, 224
1588635591469, 67201, -10128, -4256, 400
1588635591499, 67229, -10528, -5152, 1152
1588635591528, 67258, -10528, -5024, 800
1588635591554, 67286, -8976, -3984, 560
1588635591581, 67313, -6800, -4080, 720
1588635591608, 67340, -7216, -4304, 720
1588635591635, 67368, -7728, -3952, 464
1588635591663, 67395, -8208, -3232, -16
1588635591688, 67422, -8400, -2672, 64
1588635591714, 67448, -7984, -2752, 48
1588635591742, 67474, -7568, -2928, -64
1588635591769, 67501, -7504, -3488, -432
1588635591798, 67529, -6864, -3504, -512
1588635591826, 67557, -5136, -2784, -384
1588635591854, 67585, -4720, -3104, -416
1588635591882, 67613, -4848, -2816, -240
1588635591910, 67642, -5248, -2784, -192
1588635591939, 67670, -5824, -2864, -208
1588635591965, 67698, -5872, -2976, -96
1588635591991, 67725, -6816, -2752, 80
1588635592019, 67751, -7360, -2576, 144
1588635592046, 67778, -7456, -2512, 176
1588635592073, 67805, -8368, -2464, 560
1588635592100, 67832, -8960, -2480, 480
1588635592127, 67859, -9536, -2512, 512
1588635592155, 67886, -11248, -2592, 640
1588635592183, 67914, -10464, -2736, 944
1588635592212, 67943, -7120, -3424, 1488
1588635592240, 67971, -6592, -3376, 1168
1588635592268, 67999, -8368, -3616, 1248
1588635592295, 68027, -8496, -3296, 864
1588635592321, 68054, -8496, -2208, 464
1588635592349, 68081, -7488, -1552, 624
1588635592377, 68108, -5824, -2544, 464
1588635592403, 68135, -5680, -3072, 336
1588635592428, 68162, -5136, -3776, 0
1588635592456, 68187, -5184, -3712, -32
1588635592482, 68214, -5120, -3904, -32
1588635592509, 68242, -5072, -3488, 304
1588635592537, 68269, -5552, -3952, 384
1588635592564, 68296, -5936, -4128, 144
1588635592592, 68323, -5792, -5264, -608
1588635592620, 68351, -6432, -6976, -768
1588635592647, 68379, -7488, -8192, -624
1588635592676, 68407, -7504, -7984, -448
1588635592704, 68435, -8224, -6832, -224
1588635592733, 68463, -10656, -6288, -272
1588635592761, 68493, -10336, -6736, 288
1588635592790, 68521, -7920, -6576, -144
1588635592817, 68549, -7904, -5888, -320
1588635592845, 68577, -7888, -5408, -336
1588635592874, 68605, -9088, -4928, -528
1588635592902, 68633, -9488, -4384, -432
1588635592930, 68661, -9136, -3680, -160
1588635592956, 68689, -9008, -3440, 0
1588635592983, 68714, -6800, -2864, -192
1588635593012, 68743, -6368, -2864, -368
1588635593039, 68771, -6048, -2880, -112
1588635593067, 68799, -6032, -2992, -64
1588635593094, 68826, -6240, -2640, -208
1588635593123, 68854, -6512, -2336, -112
1588635593149, 68882, -6544, -2288, -80
1588635593177, 68909, -6320, -2544, 144
1588635593205, 68936, -7136, -2560, 448
1588635593231, 68963, -8288, -2416, 464
1588635593259, 68990, -8960, -2288, 352
1588635593285, 69018, -8896, -2224, 672
1588635593312, 69045, -9024, -2112, 704
1588635593341, 69072, -10448, -2624, 768
1588635593368, 69100, -8192, -2752, 912
1588635593394, 69127, -7952, -2416, 688
1588635593422, 69154, -7344, -3264, 1200
1588635593450, 69182, -7376, -3664, 1232
1588635593480, 69210, -8480, -3856, 1456
1588635593508, 69238, -8272, -4112, 1488
1588635593535, 69267, -8048, -3456, 1024
1588635593563, 69295, -7424, -3232, 624
1588635593591, 69322, -7200, -1824, 1184
1588635593618, 69350, -6176, -3520, 768
1588635593647, 69377, -6176, -3328, 800
1588635593672, 69404, -5968, -3536, 400
1588635593699, 69431, -5664, -3920, 272
1588635593726, 69458, -5760, -4160, 448
1588635593753, 69485, -5888, -3856, 560
1588635593780, 69512, -5712, -3600, 400
1588635593809, 69539, -6144, -4608, 672
1588635593836, 69567, -6384, -6288, 1104
1588635593863, 69595, -8112, -6912, 976
1588635593891, 69622, -9072, -6208, 1120
1588635593919, 69650, -9088, -4848, 1264
1588635593946, 69678, -9328, -4000, 608
1588635593974, 69705, -11952, -5488, 1280
1588635594001, 69734, -8176, -5536, 976
1588635594029, 69761, -7424, -5424, 368
1588635594057, 69788, -7712, -5328, 336
1588635594083, 69815, -8368, -4944, 144
1588635594111, 69843, -9136, -4624, 160
1588635594137, 69870, -9152, -3952, 256
1588635594165, 69897, -9392, -3792, 320
1588635594190, 69924, -9104, -3472, 32
1588635594217, 69950, -8272, -3392, 240
1588635594244, 69977, -7472, -2928, 16
1588635594268, 70003, -7200, -3296, 0
1588635594296, 70028, -7168, -2528, 160
1588635594323, 70055, -7312, -2528, 208
1588635594349, 70082, -7024, -2384, 128
1588635594377, 70109, -7424, -2352, 224
1588635594404, 70136, -7792, -2352, 256
1588635594431, 70163, -7920, -1744, 176
1588635594459, 70190, -7616, -1648, 224
1588635594485, 70218, -6864, -2176, 624
1588635594513, 70245, -6592, -2592, 544
1588635594539, 70272, -9536, -3104, 624
1588635594567, 70299, -8784, -2912, 960
1588635594594, 70326, -7904, -2224, 944
1588635594622, 70353, -7280, -2640, 1136
1588635594649, 70381, -7072, -3120, 1104
1588635594679, 70409, -8128, -3872, 1456
1588635594706, 70437, -8448, -4304, 1456
1588635594735, 70465, -8480, -3920, 1120
1588635594761, 70494, -8208, -2752, 560
1588635594789, 70521, -7392, -2496, 352
1588635594815, 70548, -6304, -3392, 736
1588635594843, 70575, -6272, -3952, 544
1588635594870, 70602, -6192, -4208, 416
1588635594896, 70629, -6448, -4432, 336
1588635594924, 70656, -6368, -4352, 320
1588635594951, 70683, -6448, -3840, 496
1588635594978, 70710, -6576, -4000, 624
1588635595006