1588636216130, 16196, -7952, -512, -944
1588636216157, 16223, -8048, -608, -768
1588636216184, 16250, -7952, -592, -976
1588636216211, 16277, -8032, -512, -784
1588636216239, 16304, -7952, -608, -1104
1588636216267, 16332, -8032, -592, -912
1588636216294, 16359, -7920, -624, -912
1588636216322, 16386, -7952, -640, -944
1588636216348, 16414, -7952, -608, -992
1588636216376, 16441, -7952, -672, -880
1588636216402, 16468, -7968, -544, -912
1588636216429, 16495, -8000, -544, -848
1588636216456, 16522, -7952, -528, -880
1588636216484, 16549, -7904, -416, -976
1588636216516, 16576, -7776, -528, -1056
1588636216540, 16604, -7792, -672, -992
1588636216565, 16631, -7936, -688, -912
1588636216594, 16658, -7904, -768, -960
1588636216620, 16685, -7952, -768, -944
1588636216647, 16712, -7904, -672, -960
1588636216676, 16740, -7856, -688, -1024
1588636216703, 16768, -7792, -752, -1008
1588636216731, 16796, -7872, -704, -944
1588636216758, 16823, -7952, -720, -896
1588636216785, 16850, -7920, -672, -976
1588636216812, 16877, -7920, -624, -928
1588636216838, 16904, -7904, -608, -880
1588636216866, 16931, -7920, -624, -896
1588636216894, 16958, -7904, -592, -960
1588636216920, 16985, -7904, -624, -896
1588636216948, 17012, -7872, -576, -944
1588636216974, 17040, -7952, -704, -944
1588636217001, 17067, -7936, -656, -960
1588636217028, 17094, -7904, -704, -960
1588636217055, 17121, -7952, -672, -912
1588636217083, 17148, -7888, -608, -944
1588636217110, 17175, -7920, -624, -928
1588636217137, 17202, -7904, -656, -912
1588636217163, 17229, -7904, -608, -928
1588636217191, 17256, -7888, -624, -960
1588636217219, 17283, -7920, -656, -960
1588636217245, 17310, -7936, -656, -880
1588636217272, 17337, -7904, -640, -944
1588636217300, 17365, -7920, -576, -960
1588636217327, 17392, -7888, -624, -960
1588636217353, 17419, -7920, -656, -944
1588636217380, 17446, -7856, -688, -896
1588636217408, 17473, -7888, -656, -976
1588636217434, 17500, -7776, -624, -944
1588636217461, 17527, -7728, -592, -944
1588636217489, 17554, -7856, -592, -912
1588636217516, 17581, -7824, -672, -912
1588636217544, 17608, -7904, -640, -720
1588636217572, 17635, -7920, -608, -1040
1588636217598, 17664, -7888, -624, -944
1588636217626, 17691, -7936, -640, -976
1588636217652, 17718, -7904, -656, -912
1588636217680, 17745, -7984, -624, -912
1588636217706, 17772, -7952, -624, -944
1588636217733, 17799, -7888, -576, -944
1588636217761, 17826, -7968, -576, -912
1588636217787, 17853, -7904, -560, -912
1588636217815, 17880, -7968, -560, -912
1588636217841, 17907, -7952, -592, -736
1588636217869, 17934, -7984, -448, -752
1588636217896, 17961, -7792, -416, -960
1588636217924, 17989, -8000, -352, -912
1588636217950, 18016, -8032, -384, -880
1588636217977, 18043, -7920, -384, -864
1588636218004, 18070, -7808, -432, -912
1588636218032, 18097, -7888, -432, -944
1588636218059, 18124, -7920, -320, -960
1588636218086, 18151, -8000, -224, -896
1588636218112, 18178, -8000, -80, -752
1588636218137, 18204, -8048, -96, -688
1588636218164, 18230, -8000, -16, -560
1588636218188, 18256, -8080, 96, -528
1588636218215, 18281, -8048, 112, -384
1588636218241, 18307, -8176, 176, -176
1588636218266, 18333, -8432, 384, 288
1588636218291, 18358, -8288, 384, 288
1588636218316, 18383, -8240, 368, 928
1588636218341, 18408, -7280, 896, 1168
1588636218369, 18434, -7232, 1776, -560
1588636218395, 18461, -7264, 864, -320
1588636218423, 18487, -8720, -1296, 3152
1588636218451, 18516, -10128, -704, 3984
1588636218478, 18544, -8912, 576, -2704
1588636218505, 18571, -8256, 2464, 1024
1588636218532, 18598, -7504, 1040, 2288
1588636218558, 18625, -7312, 256, 160
1588636218583, 18650, -5888, 528, 912
1588636218608, 18675, -4832, 272, 1456
1588636218634, 18701, -4960, 384, 1984
1588636218661, 18727, -5040, 320, 2240
1588636218687, 18753, -5744, 560, 2800
1588636218713, 18779, -5840, 368, 3424
1588636218743, 18805, -7952, 1808, 4240
1588636218767, 18832, -9920, 1824, 5136
1588636218794, 18859, -8976, 1216, 5936
1588636218821, 18886, -7840, 2032, 5504
1588636218849, 18914, -6384, 1488, 3168
1588636218878, 18941, -10720, -1504, 1696
1588636218905, 18970, -9872, -1008, 4720
1588636218933, 18998, -8304, 3280, 4320
1588636218958, 19025, -6560, 288, 2384
1588636218987, 19051, -5488, -3536, -2048
1588636219017, 19080, -7360, -5856, 2400
1588636219044, 19108, -9520, -1200, -288
1588636219072, 19136, -9744, 2288, -2816
1588636219099, 19165, -7184, 1600, -816
1588636219126, 19192, -7472, 1440, -352
1588636219152, 19219, -8096, 1488, 608
1588636219177, 19245, -8016, 352, 400
1588636219204, 19270, -8048, -384, 336
1588636219227, 19296, -6640, 304, 64
1588636219254, 19320, -6608, 576, -240
1588636219280, 19346, -7616, 176, -432
1588636219304, 19372, -7760, 400, 704
1588636219328, 19397, -7536, -96, 48
1588636219353, 19421, -7504, -48, 192
1588636219379, 19446, -7248, 48, -224
1588636219404, 19471, -7360, 416, 192
1588636219430, 19496, -7872, 896, 1168
1588636219455, 19522, -8160, 864, -336
1588636219483, 19548, -8144, 880, -1200
1588636219509, 19575, -7904, 1456, -304
1588636219534, 19602, -8688, 288, 336
1588636219563, 19627, -11664, 1776, -1488
1588636219592, 19656, -12304, 3456, -1008
1588636219621, 19685, -11152, 2512, 176
1588636219646, 19712, -8480, -960, 544
1588636219674, 19739, -9968, -4048, 2912
1588636219704, 19767, -10128, -3824, -1152
1588636219734, 19797, -9968, -2368, -1792
1588636219761, 19826, -10384, -480, 1120
1588636219790, 19854, -10320, 1872, 1088
1588636219815, 19882, -8032, 1632, 384
1588636219839, 19908, -5856, -96, 48
1588636219867, 19932, -4432, -752, -464
1588636219893, 19959, -3760, 128, -640
1588636219920, 19985, -3248, -208, -288
1588636219947, 20012, -3520, -240, 688
1588636219973, 20039, -3296, -144, 1856
1588636220001, 20066, -3184, -960, 1264
1588636220028, 20093, -4160, -816, 2960
1588636220055, 20120, -7296, 2720, 6656
1588636220083, 20147, -16464, 4224, 8224
1588636220110, 20175, -10784, 2416, 5552
1588636220139, 20203, -8672, -1024, 1248
1588636220169, 20231, -13152, -2048, 4672
1588636220197, 20260, -12528, 5776, 4928
1588636220226, 20289, -12064, -4288, -4704
1588636220255, 20319, -1328, -6224, 3968
1588636220283, 20347, -7456, -4096, -288
1588636220312, 20375, -10784, 2624, -5616
1588636220339, 20404, -10912, 3024, 384
1588636220365, 20431, -7056, 2336, 720
1588636220389, 20457, -7552, 752, 64
1588636220415, 20481, -7488, -256, 288
1588636220441, 20507, -6880, -16, -304
1588636220467, 20533, -6848, -64, -496
1588636220494, 20559, -6864, -848, -784
1588636220522, 20586, -7056, -784, -1152
1588636220548, 20615, -7040, -704, 896
1588636220575, 20641, -6960, -1296, 800
1588636220601, 20668, -7728, 1040, 448
1588636220628, 20694, -7488, 2160, -368
1588636220655, 20721, -7936, 1680, -672
1588636220682, 20748, -9136, 1344, -496
1588636220708, 20775, -9616, 1792, 96
1588636220734, 20800, -10176, 2016, 16
1588636220761, 20826, -12128, 3056, 400
1588636220789, 20853, -12224, 2320, 1200
1588636220817, 20881, -11664, -1024, -560
1588636220845, 20910, -9360, -3488, 2032
1588636220874, 20939, -9984, -4304, 1120
1588636220904, 20967, -10752, -3680, -2192
1588636220932, 20997, -10704, -544, -32
1588636220959, 21024, -9872, 3408, 3120
1588636220985, 21051, -8272, 1616, 944
1588636221010, 21077, -5264, 336, -528
1588636221038, 21103, -3872, -16, -1184
1588636221065, 21130, -2912, 1056, -128
1588636221090, 21157, -2800, 288, 464
1588636221117, 21182, -3056, -304, 1088
1588636221144, 21209, -2752, -1456, 816
1588636221171, 21236, -2800, -1120, 928
1588636221198, 21264, -5312, -384, 3312
1588636221228, 21291, -19648, 5392, 10512
1588636221254, 21320, -8896, 4000, 8576
1588636221281, 21347, -3888, 2560, 8064
1588636221310, 21374, -10672, -3792, -560
1588636221339, 21403, -17088, -2448, 4272
1588636221368, 21432, -3664, -1248, 3376
1588636221397, 21460, -5632, -2480, -2160
1588636221426, 21490, -9104, -1888, -1104
1588636221453, 21519, -9088, 320, -4192
1588636221480, 21546, -7152, 2032, -480
1588636221507, 21573, -8912, 2320, -192
1588636221533, 21600, -8928, 1008, 512
1588636221559, 21626, -8144, 512, 608
1588636221585, 21651, -7376, -848, 784
1588636221611, 21677, -5936, -1216, 480
1588636221639, 21704, -6704, -1168, 528
1588636221665, 21731, -6992, 320, -208
1588636221690, 21757, -6672, 1680, 112
1588636221716, 21783, -6672, 1264, 496
1588636221742, 21809, -7344, 384, 480
1588636221768, 21834, -7616, 656, 512
1588636221792, 21859, -7840, 512, 688
1588636221818, 21884, -8176, 336, -336
1588636221845, 21910, -8368, -48, -2192
1588636221872, 21937, -10160, 736, 1632
1588636221899, 21965, -10944, 2448, 384
1588636221928, 21992, -11712, 5584, -928
1588636221955, 22020, -11568, 2832, -288
1588636221985, 22048, -10544, -1120, 2032
1588636222013, 22077, -10000, -3680, 720
1588636222042, 22105, -10064, -2768, -560
1588636222071, 22134, -9936, -3456, -1904
1588636222098, 22164, -10400, -512, 448
1588636222127, 22191, -10368, 2400, 1472
1588636222152, 22219, -7680, 640, 192
1588636222178, 22244, -6000, -112, -560
1588636222206, 22271, -3760, -384, -448
1588636222231, 22298, -3760, 544, -528
1588636222257, 22324, -3632, 256, -592
1588636222284, 22350, -3312, 144, -416
1588636222310, 22376, -3168, -496, 624
1588636222333, 22402, -2608, 0, 1888
1588636222361, 22426, -4992, -944, 2688
1588636222388, 22453, -5696, 5136, 8768
1588636222416, 22480, -20608, 3328, 9232
1588636222443, 22508, -10608, 304, 5808
1588636222472, 22535, -15696, -3232, 640
1588636222500, 22564, -15408, -2448, 5952
1588636222527, 22593, -6624, 1136, 848
1588636222554, 22619, -544, -5568, -6736
1588636222583, 22647, -7728, -4192, 3264
1588636222612, 22675, -10544, 2448, -6704
1588636222639, 22704, -9776, 3184, -1200
1588636222667, 22732, -6832, 1536, 1920
1588636222693, 22759, -7584, 944, 464
1588636222717, 22784, -7712, -16, -32
1588636222745, 22809, -6800, -512, -304
1588636222767, 22836, -6512, 0, 112
1588636222793, 22859, -7088, 880, -336
1588636222819, 22885, -6880, 464, -752
1588636222844, 22911, -6928, 416, -192
1588636222871, 22937, -7072, -528, 112
1588636222896, 22964, -7296, -64, 608
1588636222921, 22989, -7632, 208, 48
1588636222945, 23012, -7680, 784, 144
1588636222973, 23037, -8800, 1200, -1056
1588636223001, 23066, -9248, 1552, -896
1588636223028, 23093, -10560, 1328, 1296
1588636223058, 23121, -11104, 2304, -1984
1588636223085, 23150, -11792, 3616, -560
1588636223113, 23178, -10960, 1696, 944
1588636223140, 23205, -9504, -2048, -48
1588636223168, 23232, -9504, -3920, 2912
1588636223197, 23260, -9696, -3056, -2688
1588636223225, 23290, -9808, -2704, -944
1588636223252, 23318, -10672, 16, 1360
1588636223278, 23344, -10656, 1392, 624
1588636223304, 23371, -8240, 384, -352
1588636223331, 23397, -6256, -384, -368
1588636223362, 23424, -4576, -384, -800
1588636223385, 23451, -4032, 176, -848
1588636223411, 23477, -3696, 672, -320
1588636223436, 23503, -3600, 288, 688
1588636223461, 23528, -3248, -32, 1280
1588636223489, 23554, -2848, -864, 2032
1588636223517, 23581, -5328, -1136, 4720
1588636223544, 23609, -16688, 5136, 7088
1588636223573, 23637, -9488, 3008, 8512
1588636223598, 23665, -4576, 544, 6352
1588636223627, 23691, -16224, -1776, -16
1588636223653, 23719, -14224, 176, 6912
1588636223681, 23746, -4592, 240, -2544
1588636223710, 23773, -2784, -6160, -2320
1588636223737, 23802, -8448, -3008, 1920
1588636223767, 23830, -10720, 1952, -6752
1588636223795, 23859, -8704, 2608, -1632
1588636223822, 23887, -6944, 1552, 1808
1588636223849, 23915, -7808, 1248, 192
1588636223873, 23941, -7760, 176, 112
1588636223899, 23966, -6976, -464, 464
1588636223925, 23992, -6624, -112, 480
1588636223950, 24018, -6512, 656, 144
1588636223976, 24043, -7168, 672, -608
1588636224003, 24069, -6576, 1024, -560
1588636224028, 24096, -7216, -368, 64
1588636224055, 24121, -7408, -608, 1120
1588636224081, 24148, -8000, -304, 352
1588636224108, 24174, -8112, 304, -352
1588636224134, 24200, -8400, 768, -960
1588636224161, 24226, -8256, 1104, -1072
1588636224185, 24254, -8576, 688, 32
1588636224209, 24278, -8736, 64, 624
1588636224239, 24302, -10560, 2480, -1680
1588636224268, 24331, -11040, 3776, -1520
1588636224295, 24360, -10608, 2304, 960
1588636224323, 24387, -9808, -1824, -976
1588636224352, 24416, -10016, -3904, 3184
1588636224382, 24445, -10048, -3984, -1168
1588636224412, 24475, -10032, -2064, -1456
1588636224437, 24505, -9744, 720, 960
1588636224465, 24530, -9184, 2224, 1424
1588636224492, 24557, -8016, 1088, -176
1588636224519, 24584, -6576, -736, -208
1588636224545, 24611, -5072, 96, -1056
1588636224571, 24637, -4128, 288, -816
1588636224598, 24664, -3680, -48, -688
1588636224623, 24690, -3696, -160, -16
1588636224650, 24716, -3232, -240, 336
1588636224676, 24742, -2736, -416, 1456
1588636224703, 24769, -2928, -672, 2992
1588636224730, 24796, -5136, 3872, 7744
1588636224759, 24823, -16768, 3312, 8304
1588636224785, 24851, -4416, 864, 7248
1588636224814, 24877, -14176, -3344, 1520
1588636224843, 24906, -15456, -3888, 3408
1588636224871, 24935, -15152, 4880, 5488
1588636224898, 24963, 832, -4944, -3744
1588636224926, 24991, -6272, -5584, 2544
1588636224954, 25019, -9200, -256, -1360
1588636224983, 25047, -9040, 3360, -5168
1588636225010, 25075, -8112, 2000, -704
1588636225036, 25102, -7920, 1616, 768
1588636225062, 25128, -7568, 1216, 160
1588636225089, 25154, -7296, -224, -224
1588636225115, 25181, -7200, -784, 560
1588636225141, 25207, -7056, -416, 368
1588636225167, 25233, -7168, 112, -368
1588636225193, 25259, -6928, 144, -1104
1588636225221, 25286, -7024, -112, -416
1588636225247, 25313, -6832, -336, 128
1588636225272, 25340, -6944, -32, 768
1588636225296, 25365, -8032, 896, 768
1588636225325, 25390, -7600, 1216, -992
1588636225351, 25417, -8080, 1360, -800
1588636225379, 25444, -8112, 1744, -1152
1588636225405, 25472, -8208, 672, -496
1588636225433, 25498, -8352, 272, -1264
1588636225461, 25525, -12304, 2928, -960
1588636225488, 25553, -10448, 2480, -656
1588636225516, 25581, -10528, -368, 272
1588636225544, 25608, -9312, -3856, 2976
1588636225572, 25636, -10784, -4304, 736
1588636225602, 25665, -9376, -3536, -1840
1588636225629, 25694, -9968, -1472, 144
1588636225654, 25721, -9424, 160, 1040
1588636225680, 25747, -8608, 1296, 352
1588636225705, 25773, -7504, 240, 256
1588636225732, 25798, -5776, 208, -128
1588636225757, 25824, -5696, 928, -448
1588636225783, 25850, -3872, 528, -624
1588636225809, 25876, -3264, -80, 144
1588636225834, 25901, -3344, -128, 768
1588636225863, 25927, -3344, -384, 1520
1588636225889, 25954, -2944, -448, 1856
1588636225915, 25981, -4960, -704, 3392
1588636225944, 26008, -17840, 3296, 7248
1588636225972, 26036, -13952, 3984, 8624
1588636226000, 26065, -12208, 2240, 6992
1588636226029, 26093, -11456, -3504, 1024
1588636226059, 26122, -14080, -3248, 4176
1588636226086, 26151, -8800, 4624, 3936
1588636226114, 26178, -8096, -3664, -2976
1588636226142, 26207, -1280, -4464, 2080
1588636226172, 26235, -8752, -128, -1696
1588636226200, 26263, -8896, 1792, -3824
1588636226227, 26292, -7200, 1808, -1248
1588636226252, 26320, -8064, 880, 416
1588636226278, 26345, -8176, 976, 496
1588636226304, 26370, -7664, -320, -176
1588636226331, 26397, -6992, -1616, 560
1588636226358, 26424, -7232, -1104, 256
1588636226382, 26451, -7584, 48, 320
1588636226410, 26475, -6864, 1008, -480
1588636226436, 26502, -7216, 1104, -96
1588636226462, 26528, -7280, 592, -368
1588636226488, 26554, -7120, 240, -400
1588636226512, 26580, -7808, 1008, 80
1588636226540, 26605, -7920, 1024, 1104
1588636226566, 26632, -7728, 480, -608
1588636226594, 26658, -7328, -112, -2096
1588636226621, 26686, -7744, 528, -1840
1588636226648, 26713, -8672, 1888, -912
1588636226676, 26741, -12752, 2400, -320
1588636226704, 26769, -11648, 3360, -912
1588636226731, 26797, -9904, 1520, -48
1588636226759, 26823, -10080, -2080, 672
1588636226788, 26851, -10304, -3808, 2384
1588636226817, 26880, -8928, -4032, -1024
1588636226846, 26909, -9280, -1936, -1504
1588636226873, 26938, -9056, -512, 192
1588636226896, 26965, -8896, 48, 944
1588636226920, 26988, -8240, 48, 208
1588636226947, 27012, -7648, -112, 592
1588636226971, 27038, -6304, 240, 160
1588636226998, 27063, -6320, -464, 432
1588636227023, 27090, -5632, -464, 96
1588636227046, 27115, -4752, 64, -384
1588636227072, 27140, -4624, 320, -96
1588636227097, 27165, -3712, 512, 528
1588636227123, 27190, -3328, 528, 1344
1588636227149, 27216, -3408, 32, 1840
1588636227176, 27241, -8864, -1104, 3104
1588636227204, 27269, -16736, 4944, 9520
1588636227232, 27297, -7632, 2912, 7072
1588636227258, 27324, -6448, -432, 2480
1588636227286, 27351, -12560, -3056, 928
1588636227313, 27379, -9008, -672, 448
1588636227339, 27405, -7296, -688, 5600
1588636227369, 27432, -6992, -1472, -2800
1588636227397, 27461, -7744, -2000, -816
1588636227425, 27490, -7904, 1072, -1392
1588636227452, 27518, -8688, 2384, -448
1588636227478, 27545, -7952, 784, 400
1588636227504, 27570, -7632, -272, 1088
1588636227532, 27597, -7728, -512, 1168
1588636227557, 27624, -7904, -288, 896
1588636227583, 27650, -7616, -176, 976
1588636227609, 27676, -7824, -16, 992
1588636227634, 27701, -7952, 304, 928
1588636227658, 27726, -7920, 512, 720
1588636227683, 27751, -8032, 528, 608
1588636227709, 27776, -8080, 592, 304
1588636227734, 27801, -7936, 640, 384
1588636227758, 27826, -7984, 784, 816
1588636227783, 27851, -8144, 592, 608
1588636227808, 27876, -8000, 144, 496
1588636227834, 27901, -7904, 176, 560
1588636227858, 27926, -7808, 288, 560
1588636227883, 27951, -7776, 464, 608
1588636227909, 27976, -7920, 448, 656
1588636227934, 28001, -7984, 480, 432
1588636227958, 28026, -7968, 400, -32
1588636227983, 28051, -8128, 608, 80
1588636228009, 28075, -8176, 736, -256
1588636228035, 28101, -8112, 656, -464
1588636228060, 28127, -7936, 352, -512
1588636228086, 28153, -7792, -80, -768
1588636228113, 28179, -7696, -208, -560
1588636228140, 28206, -8112, -528, -416
1588636228167, 28233, -7920, -384, -400
1588636228195, 28260, -7888, -80, -448
1588636228219, 28286, -7936, 64, -544
1588636228245, 28311, -7968, -96, -560
1588636228272, 28337, -8000, -256, -384
1588636228300, 28365, -8032, -368, -528
1588636228326, 28392, -8016, -384, -608
1588636228354, 28419, -8000, -240, -528
1588636228381, 28446, -8080, -336, -560
1588636228408, 28473, -7888, -288, -656
1588636228434, 28500, -7856, -224, -720
1588636228462, 28527, -7856, -256, -912
1588636228489, 28554, -7808, -368, -1072
1588636228518, 28582, -7920, -432, -1008
1588636228544, 28610, -8016, -464, -752
1588636228573, 28637, -8096, -592, -768
1588636228599, 28665, -8000, -480, -976
1588636228626, 28692, -7968, -208, -816
1588636228653, 28719, -8048, -96, -896
1588636228679, 28745, -8112, -224, -880
1588636228706, 28772, -8032, -288, -848
1588636228734, 28799, -7936, -320, -720
1588636228760, 28826, -7952, -256, -720
1588636228787, 28853, -7904, -288, -720
1588636228815, 28880, -7840, -384, -784
1588636228842, 28907, -7872, -272, -768
1588636228869, 28934, -7920, -336, -720
1588636228896, 28961, -8000, -400, -816
1588636228923, 28988, -7968, -496, -944
1588636228950, 29016, -8000, -560, -992
1588636228977, 29043, -7968, -480, -928
1588636229005, 29070, -7984, -512, -896
1588636229032, 29097, -7904, -704, -832
1588636229059, 29124, -7920, -624, -896
1588636229086, 29151, -7904, -464, -912
1588636229113, 29178, -7872, -544, -944
1588636229139, 29205, -7936, -496, -960
1588636229166, 29232, -7968, -384, -848
1588636229194, 29259, -7984, -384, -736
1588636229220, 29286, -7920, -352, -720
1588636229249, 29313, -7968, -448, -832
1588636229275, 29341, -7936, -512, -816
1588636229302, 29368, -7952, -592, -768
1588636229330, 29395, -7904, -592, -768
1588636229356, 29422, -7904, -576, -784
1588636229383, 29449, -7904, -528, -864
1588636229410, 29476, -7904, -624, -880
1588636229437, 29503, -7872, -608, -848
1588636229465, 29530, -7904, -528, -848
1588636229491, 29557, -7920, -624, -784
1588636229519, 29584, -8048, -608, -656
1588636229548, 29611, -8016, -592, -1008
1588636229574, 29640, -7808, -608, -832
1588636229601, 29667, -7936, -544, -800
1588636229628, 29694, -7952, -608, -816
1588636229655, 29721, -7968, -640, -816
1588636229682, 29748, -7952, -496, -752
1588636229709, 29775, -7984, -544, -784
1588636229737, 29802, -7936, -544, -848
1588636229763, 29829, -8032, -544, -800
1588636229790, 29856, -7984, -576, -960
1588636229818, 29883, -7936, -544, -624
1588636229845, 29910, -7968, -512, -832
1588636229873, 29937, -7888, -496, -1088
1588636229901, 29966, -8032, -512, -800
1588636229927, 29993, -7952, -512, -864
1588636229954, 30020, -7904, -592, -784
1588636229981, 30047, -7824, -576, -784
1588636230009, 30074, -8000, -512, -752
1588636230036, 30101, -7968, -544, -736
1588636230063, 30128, -7904, -560, -800
1588636230090, 30155, -7904, -496, -784
1588636230117, 30182, -7936, -560, -848
1588636230144, 30209, -8000, -512, -800
1588636230171, 30236, -8000, -496, -864
1588636230198, 30263, -7952, -512, -832
1588636230225, 30291, -7824, -496, -816
1588636230253, 30318, -7968, -464, -720
1588636230279, 30345, -7904, -528, -720
1588636230306, 30372, -7904, -512, -768
1588636230334, 30399, -7952, -496, -864
1588636230360, 30426, -7920, -464, -800
1588636230387, 30453, -7984, -464, -704
1588636230414, 30480, -7952, -512, -768
1588636230442, 30507, -7984, -480, -720
1588636230468, 30534, -7952, -416, -720
1588636230496, 30561, -7904, -432, -784
1588636230522, 30588, -7920, -464, -784
1588636230550, 30616, -7952, -528, -864
1588636230578, 30643, -7920, -496, -848
1588636230604, 30670, -7984, -480, -688
1588636230631, 30697, -7840, -480, -768
1588636230659, 30724, -8000, -464, -1024
1588636230687, 30752, -7968, -464, -768
1588636230714, 30779, -7968, -480, -816
1588636230740, 30806, -7936, -480, -816
1588636230767, 30833, -7920, -528, -752
1588636230795, 30860, -7920, -480, -880
1588636230822, 30887, -7936, -480, -800
1588636230849, 30915, -8000, -496, -816
1588636230876, 30942, -8032, -480, -928
1588636230904, 30969, -7888, -528, -880
1588636230930, 30996, -7936, -416, -912
1588636230957, 31023, -7984, -416, -768
1588636230984, 31050, -7936, -480, -816
1588636231011, 31077, -7952, -512, -896
1588636231038, 31104, -7904, -448, -896
1588636231066, 31131, -7952, -432, -832
1588636231093, 31158, -7968, -416, -864
1588636231120, 31185, -7952, -432, -800
1588636231146, 31212, -7984, -480, -848
1588636231174, 31240, -7952, -416, -864
1588636231202, 31267, -7952, -528, -896
1588636231228, 31294, -7904, -496, -816
1588636231255, 31321, -7904, -464, -800
1588636231283, 31348, -7952, -448, -800
1588636231310, 31375, -7952, -480, -800
1588636231336, 31402, -7840, -528, -896
1588636231363, 31429, -7936, -496, -880
1588636231390, 31456, -7968, -512, -880
1588636231417, 31483, -8000, -496, -512
1588636231445, 31510, -7984, -448, -1056
1588636231472, 31538, -7904, -448, -752
1588636231500, 31566, -8000, -400, -800
1588636231527, 31593, -7952, -384, -736
1588636231555, 31620, -7968, -480, -768
1588636231581, 31647, -7904, -432, -816
1588636231608, 31674, -7840, -336, -832
1588636231635, 31701, -7936, -464, -784
1588636231662, 31728, -8128, -416, -928
1588636231690, 31755, -7904, -464, -768
1588636231716, 31782, -7840, -464, -544
1588636231744, 31809, -7952, -368, -848
1588636231771, 31836, -7856, -448, -816
1588636231798, 31863, -7968, -528, -768
1588636231825, 31891, -7984, -512, -608
1588636231852, 31918, -8000, -512, -608
1588636231880, 31945, -7936, -496, -496
1588636231906, 31972, -8032, -432, -560
1588636231934, 31999, -8016, -400, -336
1588636231960, 32026, -7952, -368, -240
1588636231988, 32053, -8032, -368, -288
1588636232014, 32080, -8000, -304, -208
1588636232039, 32107, -8016, -224, 0
1588636232064, 32131, -8016, -144, 208
1588636232091, 32157, -7904, -160, 240
1588636232116, 32183, -7776, -192, 80
1588636232141, 32208, -7808, -224, 80
1588636232166, 32233, -7840, -400, 256
1588636232192, 32259, -7792, -512, 544
1588636232219, 32285, -8096, -544, 704
1588636232246, 32311, -8176, -272, 640
1588636232271, 32337, -8112, -160, 608
1588636232297, 32363, -7888, -208, 736
1588636232322, 32390, -7872, -64, 832
1588636232348, 32415, -8208, 80, 1104
1588636232372, 32440, -8176, 48, 1008
1588636232399, 32465, -7712, -352, 1040
1588636232426, 32492, -7664, -512, 1712
1588636232453, 32519, -7600, -256, 1984
1588636232479, 32546, -7376, -80, 1712
1588636232505, 32572, -7248, 144, 1280
1588636232532, 32598, -7264, 480, 1072
1588636232557, 32624, -7232, 768, 1072
1588636232584, 32650, -7888, 1232, 1344
1588636232612, 32677, -8208, 1552, 1200
1588636232636, 32704, -8288, 896, 944
1588636232661, 32729, -8272, 96, 816
1588636232688, 32753, -8192, -480, 1584
1588636232714, 32780, -7920, -896, 1344
1588636232741, 32807, -7744, -432, 864
1588636232765, 32833, -7808, -96, 304
1588636232791, 32858, -7792, 80, -352
1588636232818, 32883, -7680, 176, -240
1588636232841, 32909, -8064, 192, 208
1588636232868, 32934, -8128, 304, 448
1588636232896, 32959, -8160, 224, 384
1588636232916, 32984, -8080, -32, 304
1588636232943, 33009, -7840, -352, -16
1588636232969, 33035, -7872, -400, -176
1588636232997, 33062, -7968, -176, -256
1588636233021, 33090, -8032, 80, -80
1588636233046, 33113, -8032, 32, -192
1588636233071, 33138, -8064, 32, -320
1588636233096, 33163, -8080, 16, -528
1588636233123, 33188, -8096, -192, -608
1588636233147, 33216, -8096, 0, -576
1588636233173, 33240, -8032, 192, -448
1588636233199, 33266, -8032, 352, -432
1588636233222, 33292, -8176, 0, -336
1588636233247, 33316, -8144, 64, -448
1588636233274, 33341, -8144, 112, -640
1588636233300, 33367, -7952, 144, -640
1588636233327, 33393, -7968, -80, -576
1588636233353, 33419, -8000, -128, -720
1588636233379, 33446, -7984, 64, -736
1588636233404, 33471, -7680, 560, -592
1588636233430, 33497, -7824, 800, -960
1588636233457, 33523, -7904, 1200, -784
1588636233484, 33550, -8064, 1088, -688
1588636233512, 33577, -8032, 1024, -672
1588636233538, 33604, -8064, 880, -640
1588636233564, 33630, -8000, 608, -656
1588636233589, 33656, -7984, 624, -560
1588636233615, 33682, -8160, 688, -496
1588636233641, 33708, -8016, 640, -512
1588636233667, 33734, -7952, 496, -416
1588636233693, 33760, -7904, 640, -128
1588636233720, 33786, -7856, 896, -160
1588636233747, 33812, -8064, 1232, -384
1588636233774, 33840, -8048, 1392, -512
1588636233800, 33867, -7840, 880, -752
1588636233826, 33893, -7808, 176, -576
1588636233852, 33919, -8048, -144, 16
1588636233875, 33944, -8112, 64, -16
1588636233901, 33968, -7872, 272, 240
1588636233924, 33993, -7888, 512, -96
1588636233951, 34018, -7968, 336, -112
1588636233978, 34044, -7888, 160, -256
1588636234001, 34070, -7904, -96, 32
1588636234027, 34094, -7840, -224, 112
1588636234053, 34120, -7920, -432, 416
1588636234079, 34146, -7904, -256, 416
1588636234106, 34172, -8240, -160, 544
1588636234131, 34198, -8256, -96, 528
1588636234156, 34223, -8320, -128, 560
1588636234182, 34249, -8384, -192, 768
1588636234210, 34275, -8496, -512, 1008
1588636234237, 34302, -8208, -608, 1280
1588636234262, 34329, -7872, -496, 992
1588636234289, 34355, -7424, -432, 560
1588636234315, 34381, -7536, -208, 368
1588636234341, 34407, -7872, -272, 448
1588636234367, 34433, -7904, -128, 544
1588636234393, 34459, -7760, 160, 448
1588636234417, 34484, -7792, 448, 608
1588636234442, 34509, -7824, 368, 544
1588636234467, 34534, -7760, 320, 560
1588636234492, 34559, -7744, 288, 592
1588636234518, 34584, -7616, -128, 464
1588636234543, 34610, -7792, -96, 848
1588636234570, 34635, -7776, -272, 592
1588636234595, 34661, -7968, -400, 576
1588636234620, 34687, -7920, -224, 496
1588636234648, 34713, -7808, -160, 336
1588636234672, 34740, -7728, -224, 64
1588636234699, 34765, -7616, -528, 160
1588636234724, 34791, -7840, -848, 656
1588636234750, 34817, -8176, -752, 1136
1588636234778, 34844, -8624, -384, 832
1588636234802, 34870, -8432, 176, 224
1588636234827, 34895, -8208, 448, 240
1588636234851, 34920, -7824, 736, 256
1588636234878, 34945, -7648, 832, 512
1588636234902, 34970, -7808, 912, 656
1588636234928, 34995, -7792, 640, 432
1588636234953, 35020, -8864, 208, 128
1588636234979, 35045, -8768, -336, 832
1588636235005, 35071, -8352, -656, 1216
1588636235031, 35098, -7536, -400, -32
1588636235057, 35124, -7632, -32, -448
1588636235084, 35150, -7712, 320, -400
1588636235107, 35176, -8016, 128, 96
1588636235133, 35200, -8032, -144, -80
1588636235160, 35226, -7952, -672, -352
1588636235187, 35253, -8176, -592, 128
1588636235213, 35279, -8160, -256, 240
1588636235239, 35305, -8128, -208, -320
1588636235267, 35332, -8032, -320, -128
1588636235294, 35359, -7904, -368, -224
1588636235321, 35386, -7936, -480, -192
1588636235348, 35413, -8144, -224, -256
1588636235373, 35441, -7936, -16, -512
1588636235401, 35467, -7936, 240, -400
1588636235426, 35493, -7936, 528, -160
1588636235451, 35519, -7872, 656, -16
1588636235476, 35544, -7872, 688, -224
1588636235503, 35570, -8096, 624, 224
1588636235527, 35595, -8112, 432, 192
1588636235551, 35620, -8128, 208, 64
1588636235574, 35644, -8080, 32, 16
1588636235598, 35667, -7952, -80, -80
1588636235625, 35692, -7968, -368, -16
1588636235652, 35718, -8000, -240, -64
1588636235674, 35744, -7952, -96, 0
1588636235699, 35767, -7984, 128, -48
1588636235725, 35792, -7920, 352, -272
1588636235751, 35818, -7904, 688, -256
1588636235777, 35844, -7936, 928, -240
1588636235804, 35870, -7936, 1008, -352
1588636235831, 35897, -7952, 480, -496
1588636235854, 35923, -7936, 0, -592
1588636235882, 35947, -8160, -240, -720
1588636235908, 35974, -8224, -640, -480
1588636235936, 36001, -7840, -752, -272
1588636235963, 36028, -7760, -624, -384
1588636235990, 36055, -8032, -352, -304
1588636236016, 36082, -8112, -128, -144
1588636236043, 36109, -8064, -144, -160
1588636236070, 36136, -8096, -304, -160
1588636236097, 36163, -7952, -288, -80
1588636236124, 36190, -8048, -352, -112
1588636236152, 36217, -7904, -464, -160
1588636236178, 36244, -7808, -576, -400
1588636236205, 36271, -7792, -496, -384
1588636236233, 36298, -7952, -608, -240
1588636236260, 36325, -7984, -656, -304
1588636236286, 36352, -7968, -416, -176
1588636236314, 36379, -7808, -288, -144
1588636236339, 36406, -7920, -128, -16
1588636236365, 36432, -8096, -32, 128
1588636236390, 36457, -8112, -112, 160
1588636236416, 36483, -8000, -160, 112
1588636236443, 36509, -8016, -128, 112
1588636236467, 36535, -8016, -80, 48
1588636236495, 36559, -8096, -192, -112
1588636236521, 36586, -7920, -416, -368
1588636236548, 36613, -8000, -416, -320
1588636236576, 36641, -7952, -336, -368
1588636236603, 36668, -7824, -432, -592
1588636236629, 36695, -7824, -512, -720
1588636236657, 36722, -7952, -592, -640
1588636236684, 36749, -8144, -352, -512
1588636236710, 36776, -8128, -272, -368
1588636236737, 36803, -8112, -272, -240
1588636236765, 36830, -8080, -176, -128
1588636236791, 36857, -8112, -160, -64
1588636236817, 36883, -8048, -144, -176
1588636236846, 36910, -7904, -288, -352
1588636236872, 36937, -7936, -448, -448
1588636236899, 36965, -7952, -496, -464
1588636236926, 36992, -8000, -512, -272
1588636236954, 37019, -7920, -496, -560
1588636236981, 37046, -7904, -416, -416
1588636237008, 37073, -7936, -336, -432
1588636237034, 37100, -7856, -368, -736
1588636237061, 37127, -7984, -368, -544
1588636237089, 37154, -7968, -304, -400
1588636237115, 37181, -8048, -240, -480
1588636237143, 37208, -7984, -256, -432
1588636237169, 37235, -8016, -384, -400
1588636237196, 37262, -8000, -416, -352
1588636237224, 37290, -7920, -416, -448
1588636237251, 37317, -7952, -464, -512
1588636237278, 37344, -7952, -480, -560
1588636237306, 37371, -7952, -464, -528
1588636237333, 37398, -7984, -400, -448
1588636237359, 37425, -8000, -416, -400
1588636237386, 37452, -8032, -416, -480
1588636237413, 37479, -8032, -368, -416
1588636237440, 37506, -7968, -416, -464
1588636237468, 37533, -8016, -480, -400
1588636237495, 37560, -7968, -464, -464
1588636237522, 37587, -7936, -464, -528
1588636237549, 37615, -7904, -448, -544
1588636237576, 37642, -8000, -448, -432
1588636237603, 37669, -7936, -448, -640
1588636237631, 37696, -8048, -496, -512
1588636237657, 37723, -8000, -464, -496
1588636237684, 37750, -8016, -432, -464
1588636237711, 37777, -7952, -400, -480
1588636237738, 37804, -7984, -448, -496
1588636237766, 37831, -7968, -432, -448
1588636237793, 37858, -8000, -448, -512
1588636237820, 37885, -7968, -416, -464
1588636237848, 37912, -8000, -448, -496
1588636237874, 37940, -7968, -400, -528
1588636237901, 37967, -7952, -400, -496
1588636237928, 37994, -7952, -464, -416
1588636237956, 38021, -8000, -416, -448
1588636237982, 38048, -7968, -432, -448
1588636238009, 38075, -7936, -480, -496
1588636238036, 38102, -7984, -496, -464
1588636238064, 38129, -7984, -512, -480
1588636238091, 38156, -7984, -512, -464
1588636238117, 38183, -7952, -464, -464
1588636238146, 38210, -7920, -416, -480
1588636238172, 38237, -7952, -432, -480
1588636238199, 38265, -7952, -400, -496
1588636238227, 38292, -7984, -416, -432
1588636238254, 38319, -7984, -368, -400
1588636238280, 38346, -7984, -432, -400
1588636238307, 38373, -8016, -416, -432
1588636238334, 38400, -8032, -416, -464
1588636238362, 38427, -8000, -416, -512
1588636238389, 38454, -7920, -480, -496
1588636238416, 38481, -7968, -464, -480
1588636238443, 38508, -7952, -416, -448
1588636238470, 38535, -7936, -400, -480
1588636238496, 38562, -7968, -384, -464
1588636238524, 38590, -8000, -448, -352
1588636238552, 38617, -7952, -400, -544
1588636238578, 38644, -8016, -384, -384
1588636238605, 38671, -8016, -400, -352
1588636238632, 38698, -8032, -448, -480
1588636238660, 38725, -7936, -496, -576
1588636238686, 38752, -7920, -448, -480
1588636238713, 38779, -8032, -384, -624
1588636238741, 38806, -8080, -416, -400
1588636238768, 38833, -7984, -416, -480
1588636238796, 38860, -8032, -384, -432
1588636238822, 38887, -7984, -384, -432
1588636238848, 38915, -7968, -368, -496
1588636238877, 38942, -8000, -448, -448
1588636238903, 38969, -7984, -464, -432
1588636238930, 38996, -7984, -464, -480
1588636238957, 39023, -8016, -480, -496
1588636238984, 39050, -7952, -432, -496
1588636239012, 39077, -7952, -512, -464
1588636239039, 39104, -7952, -480, -480
1588636239066, 39131, -7952, -432, -448
1588636239092, 39158, -8016, -416, -384
1588636239120, 39185, -7984, -384, -464
1588636239147, 39212, -7984, -416, -448
1588636239174, 39240, -7968, -384, -416
1588636239201, 39267, -8032, -384, -480
1588636239228, 39294, -8096, -320, -464
1588636239255, 39321, -8080, -224, -480
1588636239283, 39348, -8064, -240, -480
1588636239310, 39375, -7984, -272, -576
1588636239336, 39402, -7872, -304, -576
1588636239364, 39429, -7872, -544, -464
1588636239391, 39456, -7936, -544, -208
1588636239417, 39483, -7744, -352, -16
1588636239444, 39509, -7968, -288, -272
1588636239470, 39536, -8048, -512, -352
1588636239499, 39563, -7952, -592, -432
1588636239524, 39591, -8000, -496, -336
1588636239552, 39618, -7952, -464, -400
1588636239579, 39645, -8016, -608, -544
1588636239606, 39672, -7872, -608, -608
1588636239634, 39699, -7968, -544, -448
1588636239661, 39726, -7968, -432, -400
1588636239688, 39753, -8080, -416, -384
1588636239714, 39780, -8032, -352, -480
1588636239742, 39807, -8032, -544, -480
1588636239769, 39834, -8016, -464, -496
1588636239797, 39861, -7920, -544, -416
1588636239823, 39888, -7920, -512, -432
1588636239850, 39916, -8064, -528, -368
1588636239877, 39943, -8016, -432, -480
1588636239904, 39970, -7952, -368, -560
1588636239931, 39997, -8032, -384, -416
1588636239958, 40024, -8048, -544, -496
1588636239986, 40051, -8032, -464, -560
1588636240012, 40078, -7984, -400, -576
1588636240040, 40105, -7952, -384, -544
1588636240066, 40132, -7984, -384, -544
1588636240093, 40159, -8000, -304, -544
1588636240121, 40186, -8032, -208, -512
1588636240148, 40213, -8032, -256, -480
1588636240174, 40241, -8144, -96, -416
1588636240201, 40267, -8192, -112, -368
1588636240227, 40294, -8048, -96, -432
1588636240254, 40320, -7952, -256, -416
1588636240281, 40347, -7920, -496, -448
1588636240307, 40374, -7936, -496, -80
1588636240333, 40400, -7920, -464, -32
1588636240360, 40426, -8160, -384, -64
1588636240385, 40452, -8064, -176, -16
1588636240411, 40478, -8048, -48, -80
1588636240435, 40503, -8064, 0, -144
1588636240457, 40527, -8160, 112, 0
1588636240482, 40550, -8144, 304, 208
1588636240507, 40575, -8096, 640, 480
1588636240536, 40600, -8064, 944, 736
1588636240559, 40625, -8160, 1056, 976
1588636240585, 40651, -8160, 1392, 1376
1588636240612, 40678, -8160, 1840, 544
1588636240639, 40704, -8112, 1168, -192
1588636240664, 40731, -7600, 416, 448
1588636240687, 40756, -8320, 0, 1776
1588636240715, 40780, -9696, -624, 3808
1588636240743, 40807, -10128, -496, 3968
1588636240769, 40835, -8352, 800, -3376
1588636240795, 40862, -7536, 1632, 432
1588636240822, 40888, -7024, 528, 2608
1588636240847, 40915, -6688, 784, 256
1588636240872, 40940, -5808, 240, 832
1588636240898, 40965, -5680, 720, 1744
1588636240925, 40991, -6656, 1120, 2080
1588636240951, 41018, -6736, 992, 2688
1588636240976, 41044, -7168, 640, 2688
1588636241004, 41070, -7712, 1872, 3600
1588636241032, 41097, -7584, 1248, 3584
1588636241059, 41124, -6880, 1856, 3344
1588636241085, 41151, -6960, 1728, 3280
1588636241113, 41178, -6864, 1568, 3728
1588636241140, 41205, -6976, 1296, 4384
1588636241165, 41232, -6816, 848, 4416
1588636241191, 41258, -6480, 816, 3760
1588636241221, 41284, -10912, -1184, 3168
1588636241248, 41313, -12352, 496, 6192
1588636241275, 41341, -6736, 3120, 4192
1588636241301, 41368, -5232, 400, 2640
1588636241328, 41394, -5904, -3168, 272
1588636241356, 41421, -7680, -4240, 1120
1588636241385, 41449, -9664, -1616, -720
1588636241413, 41477, -9360, 1376, -1328
1588636241439, 41505, -9392, 2640, -64
1588636241465, 41531, -7360, 2816, -272
1588636241491, 41558, -7344, 1184, 64
1588636241514, 41583, -8032, 0, 224
1588636241538, 41606, -7936, 80, 720
1588636241563, 41630, -7600, 144, 192
1588636241587, 41655, -6944, 48, 256
1588636241612, 41679, -7024, -272, 64
1588636241638, 41704, -6976, 288, -272
1588636241663, 41730, -7360, 848, 192
1588636241688, 41755, -6928, 464, 176
1588636241712, 41780, -6944, -48, 48
1588636241737, 41804, -7632, -224, 16
1588636241761, 41829, -7840, 240, 224
1588636241787, 41854, -7968, 1184, 224
1588636241815, 41880, -7712, 640, -1072
1588636241841, 41907, -8768, -400, -368
1588636241866, 41934, -9760, -736, 96
1588636241891, 41959, -9184, 32, -512
1588636241920, 41984, -11216, 2736, -2272
1588636241948, 42013, -11376, 3264, -624
1588636241977, 42042, -10672, 704, 1040
1588636242002, 42069, -8928, -1552, 32
1588636242030, 42095, -8992, -1920, 864
1588636242056, 42122, -9456, -1360, -16
1588636242087, 42149, -10880, -1264, -1168
1588636242114, 42179, -10000, -48, -464
1588636242139, 42206, -10064, 416, 736
1588636242165, 42232, -9504, 192, 384
1588636242189, 42257, -7120, -432, 48
1588636242216, 42282, -6512, -256, -592
1588636242243, 42309, -4576, -656, -704
1588636242268, 42336, -4224, 32, -704
1588636242295, 42361, -3664, 880, -592
1588636242319, 42387, -4000, 656, 112
1588636242347, 42412, -2800, -1328, 768
1588636242375, 42439, -3280, -2464, 1200
1588636242401, 42468, -7920, -80, 3808
1588636242430, 42494, -16864, 5520, 8528
1588636242458, 42522, -17168, 3008, 8352
1588636242483, 42550, -4768, 672, 3968
1588636242511, 42576, -4736, -944, 2176
1588636242538, 42603, -15040, 544, 6240
1588636242565, 42630, -8624, 3328, 2800
1588636242593, 42657, -2608, -4416, -2176
1588636242620, 42686, -7008, -5776, 592
1588636242648, 42713, -8320, -2864, 944
1588636242677, 42741, -9424, 1792, -6896
1588636242704, 42769, -8784, 2544, -1920
1588636242730, 42797, -8224, 2944, 816
1588636242756, 42823, -8176, 1488, 864
1588636242780, 42849, -7584, 288, 96
1588636242806, 42873, -7472, -272, 304
1588636242834, 42899, -6576, -192, -416
1588636242860, 42926, -6688, 128, -1056
1588636242888, 42953, -6672, -1056, -944
1588636242917, 42981, -7216, -992, -1072
1588636242944, 43009, -8000, -560, 2336
1588636242970, 43036, -7840, 560, 1312
1588636242997, 43062, -7984, 1808, -640
1588636243024, 43089, -7856, 3152, -960
1588636243051, 43117, -8624, 1568, -224
1588636243078, 43144, -10320, 512, -288
1588636243105, 43171, -10304, 1664, 224
1588636243132, 43198, -11600, 3968, 112
1588636243160, 43225, -10768, 2496, 1280
1588636243189, 43253, -9776, -720, -1472
1588636243217, 43281, -10320, -3776, 3616
1588636243247, 43310, -10880, -3024, -752
1588636243276, 43339, -10848, -3008, -1184
1588636243306, 43370, -10592, -1248, 848
1588636243331, 43398, -9264, 1312, 800
1588636243357, 43424, -9136, 256, 160
1588636243384, 43449, -6016, -1376, -400
1588636243411, 43477, -4704, 752, -720
1588636243436, 43503, -4112, 784, -848
1588636243463, 43529, -3760, 144, -560
1588636243490, 43555, -3824, -304, -208
1588636243518, 43582, -3664, -1408, 1392
1588636243547, 43610, -2624, -1760, 1904
1588636243573, 43638, -6992, -416, 3952
1588636243601, 43666, -19488, 3888, 8240
1588636243629, 43694, -8544, 2464, 9728
1588636243654, 43721, -4320, 528, 5136
1588636243683, 43747, -13136, -2400, 1168
1588636243712, 43776, -14864, -672, 6208
1588636243739, 43804, -3296, -992, 1072
1588636243768, 43831, -3392, -5264, -2624
1588636243796, 43860, -8112, -3968, 1104
1588636243825, 43888, -10080, 1520, -5600
1588636243854, 43918, -8816, 1664, -2512
1588636243880, 43946, -8480, 1904, -848
1588636243907, 43973, -8336, 2128, -576
1588636243934, 44000, -8000, -144, -96
1588636243961, 44026, -6720, -1632, -336
1588636243988, 44054, -6912, -1776, 336
1588636244014, 44081, -7552, 912, -48
1588636244039, 44106, -6944, 624, -688
1588636244066, 44132, -6704, 1344, -832
1588636244092, 44159, -7008, 2112, -16
1588636244120, 44185, -7792, 1360, 2960
1588636244147, 44212, -7888, 1360, -560
1588636244174, 44239, -8000, 1936, -704
1588636244202, 44267, -7968, 1584, 2000
1588636244227, 44294, -9488, 400, -592
1588636244254, 44320, -9904, 3344, 1360
1588636244282, 44347, -11920, 3280, -752
1588636244309, 44375, -12480, 2496, -96
1588636244337, 44402, -10000, -1376, 560
1588636244367, 44430, -10576, -2816, 1952
1588636244397, 44459, -10800, -2032, -1008
1588636244426, 44489, -10016, -1744, -1136
1588636244455, 44520, -10080, -752, 592
1588636244479, 44547, -9088, 96, 304
1588636244503, 44571, -7792, 400, 592
1588636244530, 44596, -6112, -272, -784
1588636244558, 44623, -4064, -320, -1056
1588636244584, 44651, -3936, 368, -720
1588636244610, 44677, -3344, 432, -656
1588636244634, 44703, -3616, 864, 48
1588636244660, 44727, -2336, -720, 864
1588636244689, 44753, -2192, -1488, 1168
1588636244715, 44781, -6064, -128, 3568
1588636244744, 44808, -19728, 5888, 8896
1588636244771, 44836, -9856, 2496, 8976
1588636244797, 44863, -3920, -16, 6496
1588636244825, 44889, -13536, -3312, 464
1588636244854, 44918, -15168, -304, 4272
1588636244880, 44946, -3872, -2944, 384
1588636244910, 44973, -7040, -3344, -2672
1588636244937, 45002, -7440, -800, -2176
1588636244966, 45030, -9760, 1520, -4448
1588636244993, 45058, -8800, 2064, -1424
1588636245020, 45086, -7792, 1584, 160
1588636245044, 45112, -7808, 832, 960
1588636245070, 45137, -7520, -688, 80
1588636245096, 45162, -6640, -1168, 624
1588636245124, 45189, -7072, -1760, 400
1588636245149, 45217, -7040, 256, -16
1588636245176, 45242, -6736, 1504, -896
1588636245203, 45269, -7200, 1120, -272
1588636245228, 45296, -7280, 848, 912
1588636245254, 45321, -8032, 432, 1520
1588636245279, 45347, -7712, 576, 272
1588636245305, 45372, -8256, 704, -752
1588636245332, 45398, -8304, 1632, -880
1588636245359, 45425, -8144, 1872, 496
1588636245383, 45451, -9744, 976, 560
1588636245413, 45476, -11040, 3920, -1952
1588636245442, 45505, -11376, 3856, -1632
1588636245469, 45534, -10672, 864, 1520
1588636245496, 45561, -9568, -2256, 896
1588636245525, 45588, -10832, -4608, 2208
1588636245554, 45618, -9952, -3712, -3376
1588636245581, 45647, -10432, -1632, 80
1588636245607, 45674, -9984, 784, 1120
1588636245634, 45700, -9168, 800, -176
1588636245657, 45726, -7088, 48, 208
1588636245684, 45750, -5728, -576, -560
1588636245711, 45777, -3760, 304, -1088
1588636245739, 45804, -3856, 928, -1008
1588636245764, 45831, -3984, 432, -784
1588636245789, 45857, -3728, 224, 64
1588636245816, 45881, -2848, -656, 1008
1588636245842, 45908, -2768, -1904, 832
1588636245870, 45935, -2912, 1664, 4320
1588636245897, 45962, -9728, 4720, 9456
1588636245924, 45989, -6144, 2032, 8688
1588636245949, 46017, -4304, 432, 3440
1588636245980, 46043, -13920, -2624, 2464
1588636246009, 46072, -16896, -2432, 5184
1588636246037, 46101, -16384, -2672, 736
1588636246066, 46129, -5728, -2864, -4304
1588636246094, 46158, -7824, -736, -1040
1588636246123, 46186, -8016, 1136, -5088
1588636246150, 46214, -8288, 1232, -1472
1588636246177, 46243, -8432, 1072, -912
1588636246202, 46270, -8048, 336, 144
1588636246228, 46295, -7104, -1168, 64
1588636246256, 46321, -6800, -1408, -528
1588636246282, 46349, -7504, -576, -48
1588636246309, 46375, -7536, 400, -320
1588636246336, 46401, -6688, 1568, -928
1588636246363, 46428, -6768, 2256, -384
1588636246389, 46455, -7648, 2288, 1952
1588636246417, 46482, -8480, 1696, 1696
1588636246444, 46509, -7408, 1280, -1696
1588636246474, 46537, -8480, 1072, -784
1588636246499, 46564, -10464, 528, 1568
1588636246524, 46592, -9584, 992, 336
1588636246550, 46617, -8736, 3840, 464
1588636246577, 46643, -10864, 4752, 640
1588636246606, 46670, -11216, 1600, -1216
1588636246635, 46699, -10720, -1840, 2400
1588636246666, 46728, -10272, -3632, -1104
1588636246695, 46758, -10656, -2112, -160
1588636246722, 46787, -10752, -512, -752
1588636246750, 46816, -10336, 1168, 240
1588636246777, 46843, -9456, 1024, 576
1588636246802, 46869, -7904, -880, 544
1588636246830, 46895, -5984, -1520, -208
1588636246856, 46923, -4256, 336, -976
1588636246885, 46949, -3728, 1232, -1200
1588636246910, 46977, -3824, 400, -608
1588636246936, 47003, -3680, 480, -208
1588636246963, 47029, -2128, -656, 624
1588636246991, 47055, -2864, -1632, 1952
1588636247017, 47083, -8192, 320, 4336
1588636247045, 47109, -20224, 4800, 8448
1588636247072, 47137, -8224, 2272, 9008
1588636247099, 47164, -3840, 128, 4576
1588636247127, 47191, -11744, -1632, 1920
1588636247155, 47220, -15968, -240, 7088
1588636247182, 47248, -4640, 768, -448
1588636247211, 47274, -3936, -5824, -1632
1588636247238, 47303, -8224, -2912, 1376
1588636247266, 47331, -9792, 1616, -6560
1588636247294, 47359, -7792, 944, -1600
1588636247321, 47386, -8432, 1792, -608
1588636247345, 47413, -8208, 1568, 64
1588636247372, 47438, -8336, 704, 1264
1588636247398, 47464, -7520, -256, 752
1588636247425, 47491, -7376, -1504, 576
1588636247450, 47518, -6400, -352, 48
1588636247476, 47543, -7088, 976, -304
1588636247503, 47569, -6832, 2064, -560
1588636247529, 47596, -7424, 1872, 432
1588636247553, 47622, -7168, 480, 592
1588636247579, 47647, -7552, 608, 240
1588636247605, 47672, -7920, 784, 192
1588636247629, 47697, -8128, 544, 672
1588636247656, 47722, -8112, 464, -896
1588636247683, 47748, -7904, 1008, -1600
1588636247710, 47776, -8608, 1072, 224
1588636247734, 47802, -10336, 704, 80
1588636247763, 47827, -11856, 3792, -1088
1588636247792, 47856, -11728, 4208, -1312
1588636247819, 47885, -10512, 128, 1408
1588636247848, 47912, -10464, -2912, 784
1588636247875, 47941, -9728, -3888, 224
1588636247905, 47968, -8880, -3280, -1584
1588636247931, 47997, -9760, -944, -192
1588636247957, 48024, -9296, 1024, 176
1588636247984, 48050, -8816, 496, -112
1588636248009, 48076, -8608, -688, -80
1588636248036, 48102, -6608, -400, 608
1588636248059, 48128, -5888, 0, -320
1588636248085, 48152, -4608, 320, -480
1588636248112, 48178, -4432, 160, -736
1588636248138, 48204, -4608, 528, -208
1588636248163, 48230, -3632, 688, 272
1588636248189, 48255, -2816, -832, 672
1588636248217, 48281, -4000, -1488, 1088
1588636248243, 48309, -9792, 512, 3888
1588636248271, 48335, -20672, 5664, 10064
1588636248298, 48364, -5168, 2352, 7024
1588636248325, 48392, -4336, 560, 3216
1588636248353, 48418, -15328, -656, 2720
1588636248382, 48446, -12832, -1712, 4528
1588636248409, 48475, -2784, -480, -400
1588636248439, 48502, -6336, -3760, -3232
1588636248467, 48531, -9504, -1984, 1104
1588636248494, 48559, -7984, 848, -3712
1588636248521, 48586, -7952, 1792, -2144
1588636248550, 48614, -8208, 1840, -1440
1588636248576, 48643, -8032, 752, -320
1588636248602, 48669, -7968, -336, 448
1588636248629, 48695, -7328, -1024, -96
1588636248656, 48722, -7408, -1488, 736
1588636248681, 48749, -7408, -128, 64
1588636248706, 48774, -7568, 0, -624
1588636248730, 48798, -7008, 1232, 16
1588636248757, 48823, -7328, 832, -368
1588636248782, 48849, -7168, 144, -256
1588636248808, 48875, -7024, 224, -32
1588636248832, 48900, -7936, 272, 848
1588636248859, 48925, -7680, 544, -704
1588636248886, 48951, -7856, 896, -1424
1588636248913, 48978, -8400, 688, -1216
1588636248937, 49005, -8960, 592, 432
1588636248966, 49030, -10544, 2768, -720
1588636248994, 49058, -11376, 3776, -240
1588636249019, 49086, -10048, 1488, 80
1588636249047, 49112, -8400, -1408, 448
1588636249075, 49139, -9600, -3936, 1328
1588636249102, 49168, -9520, -3376, 288
1588636249132, 49195, -9424, -2288, -1664
1588636249159, 49224, -9216, -960, -1248
1588636249186, 49252, -9008, -608, 1344
1588636249213, 49279, -8880, -624, 912
1588636249237, 49305, -7648, 128, 544
1588636249261, 49330, -7680, 32, 288
1588636249289, 49354, -5664, -448, -144
1588636249313, 49381, -5664, -16, 176
1588636249340, 49406, -4880, 160, -416
1588636249365, 49432, -4400, 176, -432
1588636249391, 49458, -4240, -144, 608
1588636249419, 49484, -4416, -416, 1520
1588636249445, 49511, -7408, -64, 2208
1588636249473, 49537, -11904, 2288, 5360
1588636249502, 49566, -11584, 3776, 6848
1588636249528, 49594, -6064, 3104, 3936
1588636249556, 49621, -5776, -272, 2416
1588636249585, 49648, -14032, -1952, 1328
1588636249613, 49677, -13312, 1824, 1152
1588636249639, 49705, -5568, -3360, 928
1588636249668, 49732, -8976, -1408, -384
1588636249694, 49760, -8128, -96, -3184
1588636249721, 49787, -7952, -256, 768
1588636249745, 49813, -8432, 384, 448
1588636249771, 49838, -8192, 624, 672
1588636249797, 49863, -7568, 672, -448
1588636249824, 49889, -7600, 320, -320
1588636249846, 49916, -7888, 64, 368
1588636249870, 49939, -8192, 48, 512
1588636249895, 49963, -8176, 128, 560
1588636249922, 49988, -7968, 320, 1024
1588636249947, 50014, -7824, 128, 800
1588636249972, 50039, -7840, 272, 432
1588636249996, 50064, -8112, 304, 112
1588636250021, 50089, -7984, -48, 256
1588636250048, 50114, -8128, -128, 224
1588636250075, 50141, -8128, -128, 688
1588636250099, 50167, -8112, -16, 480
1588636250124, 50192, -8000, -32, -16
1588636250148, 50217, -7936, 80, -176
1588636250173, 50242, -8080, 0, 240
1588636250197, 50264, -8032, 128, 432
1588636250221, 50289, -8128, 688, 176
1588636250248, 50314, -8288, 720, -288
1588636250273, 50341, -8176, -48, -432
1588636250301, 50367, -7696, -464, -224
1588636250329, 50394, -7648, -880, -368
1588636250357, 50421, -7728, -1008, -288
1588636250384, 50449, -8096, -800, -144
1588636250410, 50476, -8032, -704, -128
1588636250438, 50503, -7872, -720, -208
1588636250463, 50530, -7856, -704, -48
1588636250490, 50556, -7840, -624, -112
1588636250518, 50583, -7936, -560, -112
1588636250543, 50610, -8256, -320, -48
1588636250570, 50636, -8160, -304, -320
1588636250598, 50663, -8064, -288, -240
1588636250624, 50691, -7984, -688, -832
1588636250653, 50718, -7952, -1040, -976
1588636250681, 50746, -7952, -1104, -512
1588636250708, 50774, -7984, -896, -416
1588636250736, 50801, -7968, -560, -400
1588636250762, 50828, -8016, -320, -400
1588636250790, 50855, -7952, -160, -368
1588636250815, 50882, -7952, -64, -320
1588636250843, 50908, -8016, -128, -448
1588636250870, 50935, -7984, -352, -336
1588636250897, 50962, -8128, -560, -384
1588636250924, 50989, -7952, -640, -592
1588636250951, 51017, -7968, -592, -512
1588636250978, 51044, -7920, -528, -624
1588636251005, 51071, -7904, -560, -624
1588636251032, 51098, -7984, -640, -512
1588636251059, 51125, -7888, -656, -576
1588636251086, 51152, -7936, -800, -592
1588636251113, 51179, -7920, -720, -480
1588636251141, 51206, -7952, -752, -544
1588636251168, 51233, -7936, -704, -512
1588636251194, 51260, -7984, -704, -544
1588636251222, 51287, -7968, -496, -480
1588636251248, 51314, -8032, -496, -416
1588636251276, 51342, -7936, -560, -528
1588636251304, 51369, -8016, -464, -640
1588636251330, 51396, -8032, -560, -384
1588636251357, 51423, -7904, -560, -432
1588636251384, 51450, -7984, -640, -416
1588636251411, 51477, -8000, -720, -336
1588636251439, 51504, -7936, -704, -352
1588636251465, 51531, -7952, -672, -432
1588636251492, 51558, -7952, -688, -400
1588636251520, 51585, -7984, -656, -384
1588636251547, 51612, -8016, -656, -320
1588636251573, 51639, -8016, -528, -320
1588636251601, 51667, -7968, -416, -368
1588636251628, 51694, -7968, -480, -352
1588636251656, 51721, -7936, -416, -352
1588636251682, 51748, -7984, -480, -320
1588636251709, 51775, -7968, -560, -320
1588636251736, 51802, -8016, -544, -400
1588636251763, 51829, -7968, -560, -416
1588636251790, 51856, -8016, -560, -352
1588636251818, 51883, -8000, -528, -352
1588636251844, 51910, -7984, -480, -384
1588636251871, 51937, -7920, -464, -320
1588636251899, 51964, -8048, -464, -368
1588636251926, 51992, -7872, -448, -336
1588636251953, 52019, -8000, -480, -384
1588636251980, 52046, -8000, -464, -368
1588636252007, 52073, -7968, -496, -352
1588636252035, 52100, -7984, -480, -400
1588636252062, 52127, -7984, -480, -400
1588636252088, 52154, -7968, -480, -368
1588636252115, 52181, -7984, -576, -448
1588636252143, 52208, -8000, -576, -336
1588636252170, 52235, -7968, -544, -336
1588636252197, 52262, -7968, -576, -384
1588636252224, 52289, -8016, -592, -368
1588636252251, 52317, -7984, -528, -496
1588636252278, 52344, -8000, -592, -400
1588636252305, 52371, -7872, -528, -224
1588636252332, 52398, -7872, -496, -352
1588636252360, 52425, -7904, -416, -192
1588636252387, 52452, -7920, -544, -304
1588636252413, 52479, -7984, -496, -320
1588636252441, 52506, -7920, -448, -352
1588636252468, 52533, -7904, -544, -448
1588636252494, 52560, -7856, -464, -448
1588636252522, 52587, -7952, -512, -592
1588636252549, 52614, -7904, -432, -368
1588636252576, 52642, -7984, -496, -352
1588636252603, 52669, -7936, -480, -352
1588636252631, 52696, -7984, -464, -352
1588636252657, 52723, -8016, -480, -352
1588636252684, 52750, -8048, -400, -320
1588636252711, 52777, -7968, -352, -352
1588636252738, 52804, -7952, -432, -352
1588636252766, 52831, -7984, -400, -368
1588636252793, 52858, -7984, -496, -416
1588636252820, 52885, -7952, -480, -464
1588636252847, 52912, -8016, -432, -416
1588636252874, 52939, -8016, -448, -416
1588636252901, 52967, -7888, -496, -416
1588636252929, 52994, -7952, -496, -480
1588636252956, 53021, -7952, -464, -368
1588636252982, 53048, -7952, -416, -416
1588636253010, 53075, -8064, -384, -512
1588636253037, 53102, -7936, -336, -384
1588636253064, 53129, -7984, -416, -416
1588636253091, 53156, -8016, -352, -320
1588636253118, 53183, -7984, -336, -304
1588636253144, 53210, -8032, -352, -384
1588636253171, 53237, -7968, -384, -416
1588636253200, 53264, -8000, -368, -320
1588636253226, 53292, -8048, -288, -384
1588636253253, 53319, -7984, -272, -512
1588636253281, 53346, -7936, -304, -512
1588636253307, 53373, -8016, -384, -528
1588636253334, 53400, -7888, -416, -560
1588636253362, 53427, -8064, -368, -352
1588636253388, 53454, -8048, -256, -352
1588636253416, 53481, -7936, -128, -384
1588636253442, 53508, -7984, -64, -480
1588636253467, 53534, -8032, -16, -464
1588636253494, 53560, -7984, -48, -416
1588636253520, 53586, -7968, -64, -336
1588636253546, 53612, -8064, 112, -432
1588636253572, 53638, -8048, 160, -480
1588636253598, 53664, -7984, 224, -592
1588636253624, 53691, -8016, 224, -752
1588636253650, 53717, -7824, 240, -816
1588636253676, 53743, -8048, 224, -736
1588636253701, 53769, -8096, 256, -688
1588636253728, 53795, -8016, 288, -560
1588636253754, 53821, -7984, 288, -688
1588636253780, 53847, -8096, 368, -688
1588636253806, 53873, -7952, 480, -640
1588636253832, 53899, -7952, 464, -704
1588636253858, 53925, -7968, 496, -832
1588636253884, 53951, -8000, 432, -688
1588636253911, 53977, -8000, 336, -624
1588636253936, 54003, -7984, 400, -544
1588636253963, 54029, -8048, 320, -624
1588636253988, 54055, -7968, 256, -832
1588636254014, 54081, -8016, 80, -816
1588636254039, 54106, -7952, 64, -816
1588636254064, 54131, -8032, 336, -592
1588636254091, 54157, -8032, 832, -688
1588636254117, 54183, -7888, 1200, -672
1588636254143, 54210, -8064, 912, -480
1588636254170, 54236, -8000, 656, -176
1588636254196, 54262, -7936, 528, -160
1588636254222, 54288, -7936, 288, -288
1588636254247, 54314, -8016, 192, -336
1588636254273, 54341, -7840, 32, -192
1588636254298, 54366, -7888, 32, -288
1588636254323, 54391, -7904, 64, -224
1588636254348, 54416, -8144, 160, -336
1588636254375, 54442, -8016, 80, -272
1588636254398, 54467, -8000, 192, 16
1588636254422, 54491, -7872, 176, 80
1588636254447, 54514, -7952, 176, 208
1588636254470, 54539, -7968, 16, 336
1588636254494, 54563, -7952, 0, 416
1588636254519, 54586, -7840, -128, 496
1588636254544, 54612, -7888, 48, 528
1588636254568, 54636, -7872, 128, 496
1588636254593, 54661, -7824, 112, 832
1588636254618, 54686, -7952, 32, 1040
1588636254643, 54711, -7776, 240, 912
1588636254669, 54736, -7776, 576, 848
1588636254693, 54761, -7936, 576, 944
1588636254719, 54786, -7888, 432, 1184
1588636254745, 54812, -8016, 464, 1168
1588636254772, 54838, -8128, 528, 1200
1588636254798, 54864, -8080, 320, 1280
1588636254824, 54891, -7952, -16, 1408
1588636254850, 54917, -8032, -64, 1200
1588636254876, 54943, -8128, -48, 1312
1588636254901, 54969, -8064, 48, 1328
1588636254926, 54994, -8224, 80, 1168
1588636254951, 55019, -7936, 336, 1216
1588636254979, 55045, -7984, 464, 1216
1588636255004, 55071, -7952, 512, 1296
1588636255030, 55097, -7920, 512, 1232
1588636255056, 55123, -7840, 656, 1168
1588636255082, 55149, -7696, 560, 1408
1588636255108, 55175, -7552, 832, 1632
1588636255134, 55201, -7456, 656, 1408
1588636255161, 55227, -7312, 384, 1216
1588636255186, 55253, -7360, 176, 1072
1588636255211, 55279, -7328, 224, 768
1588636255234, 55304, -7920, 0, 672
1588636255260, 55327, -7760, -128, 784
1588636255287, 55353, -7776, -176, 928
1588636255310, 55379, -7856, 80, 656
1588636255333, 55403, -8032, 0, 752
1588636255359, 55426, -8000, -16, 1168
1588636255386, 55452, -8544, -560, 1856
1588636255413, 55479, -8432, -576, 1936
1588636255440, 55506, -8640, -240, 1040
1588636255467, 55533, -8448, -384, 720
1588636255490, 55559, -7552, 0, 1264
1588636255516, 55583, -7952, 400, 1376
1588636255541, 55609, -7952, 320, 320
1588636255567, 55634, -7888, -80, 496
1588636255592, 55659, -8000, -896, 592
1588636255620, 55685, -8144, -1136, 624
1588636255646, 55712, -8128, -912, 624
1588636255672, 55738, -7952, -672, 560
1588636255698, 55764, -7856, -288, 400
1588636255723, 55791, -7760, -80, 208
1588636255748, 55816, -7760, -112, 208
1588636255775, 55842, -7984, -208, 384
1588636255801, 55868, -8112, -448, 656
1588636255827, 55894, -8160, -528, 400
1588636255854, 55920, -8048, -528, 304
1588636255880, 55946, -8128, -528, 112
1588636255904, 55972, -7776, -272, 64
1588636255930, 55997, -7904, -192, -48
1588636255955, 56023, -7952, -208, 0
1588636255980, 56047, -7824, -304, 128
1588636256007, 56073, -8096, -272, 320
1588636256031, 56099, -8128, -112, 16
1588636256057, 56124, -8176, -96, -208
1588636256082, 56150, -8208, 16, -160
1588636256108, 56175, -8096, -32, -352
1588636256134, 56201, -8080, 128, -400